,codificacao_foto,ano,mes,dia,data,Conta para gente o que está acontecendo,Em que categoria se encaixaria o problema,Categoria 2,Com que frequência isso ocorre,Consegue nos informar o endereço de onde a foto/vídeo foi tirada,Em que localidade fica,Insira a latitude do seu endereço (opcional),Insira a longitude do seu endereço (opcional),Você já tentou solucionar o problema de alguma forma,A quem recorreu
0,20181019_0033,2018,10,19,20181019.0,"Oi olha só aqui no esgoto da casa 206! Tá um fedor insuportável!Já fiz reclamações na Cedae,  É eles disseram que este esgoto precIsa de fazer obra e é que isso não é da alçada deles , e sim do dono. Toda vez esseesgoti fica vazando.",esgoto a céu aberto,Esgoto,Frequentemente,"Rua Massaranduba, 206",Parque Rubens Vaz,-22.852344,-43.2429,sim,Sem informacao
1,20181019_1115,2018,10,19,20181019.0,Problemas de alagamentos sempre que chove,alagamento,Esgoto,Ocasionalmente,"Rua Santa Rita, ",Nova Holanda,-22.853554,-43.244659,nao menciona,nao se aplica
2,20181105_1650,2018,11,05,20181105.0,Sem informacao,esgoto a céu aberto,Esgoto,Não informado,Beco das Américas (Rua Tatajuba),Parque Maré,-22.854895,-43.243645,nao menciona,nao se aplica
3,20181105_1651,2018,11,05,20181105.0,Sempre passo por lá e vejo esgoto caindo,esgoto a céu aberto,Esgoto,Frequentemente,Beco São Jorge (perto da praça) ,Nova Holanda,-22.854706,-43.242941,nao menciona,nao se aplica
4,20181105_2312,2018,11,05,20181105.0,Sem informacao,acúmulo de lixo,Lixo,Não informado,Rua Tancredo Neves (em frente à igreja Sagrada Família),Nova Holanda,-22.854318,-43.240687,nao menciona,nao se aplica
5,20181107_1700,2018,11,07,20181107.0,sempre passo e sempre vejo o lixo nesse mesmo local,acumulo,Lixo,Frequentemente,Rua Massaranduba (altura do bequinho),Parque Rubens Vaz,-22.852641,-43.243844,nao menciona,nao se aplica
6,20181107_2333,2018,11,07,20181107.0,Sem informacao,acúmulo de lixo,Lixo,Não informado,Ao lado clinica jeremias // Final da Teixeira Ribeiro no campus Maré,Nova Holanda,-22.854851,-43.240024,nao menciona,nao se aplica
7,20181113_1637,2018,11,13,20181113.0,Acúmulo de lixo e entulho,acúmulo de lixo e entulho,Lixo,Não informado,Rua Larga,Parque União,-22.850054,-43.241409,nao menciona,nao se aplica
8,20181119_1936,2018,11,19,20181119.0,Sem informacao,acúmulo de lixo,Lixo,Frequentemente,Rua Tancredo Neves em frente a igreja católica,Nova Holanda,-22.854318,-43.240687,nao menciona,nao se aplica
9,20181119_2022,2018,11,19,20181119.0,"E ae cocozap, lixarada se encontra perto do viaduto do pontilhao",acúmulo de lixo,Lixo,Não informado,Perto da antiga McLaren,Vila do Pinheiro,-22.863604,-43.239262,nao menciona,nao se aplica
10,20181119_2023,2018,11,19,20181119.0,Sem informacao,transbordamento de esgoto,Esgoto,Não informado,Miolo entre rua n e rua m,Nova Holanda,-22.855962,-43.247327,nao menciona,nao se aplica
11,20181120_2148,2018,11,20,20181120.0,Lixo e esgoto a ceu aberto,esgoto a céu aberto,Esgoto,Não informado,Rua texeira ribeiro ao lado da clinica da familia Jeremias.,Nova Holanda,-22.854851,-43.240024,nao menciona,nao se aplica
12,20181120_2149,2018,11,20,20181120.0,Esgoto a ceu aberto,esgoto a céu aberto,Esgoto,Não informado,Em frente as escolas no campus da Maré,Nova Holanda,-22.856978,-43.23847,nao menciona,nao se aplica
13,20181120_2150,2018,11,20,20181120.0,Estacionamento cheio de lixo,acúmulo de lixo,Lixo,Não informado,Ao lado da escola Rio 2016 no campus Maré,Nova Holanda,-22.856978,-43.23847,nao menciona,nao se aplica
14,20181120_2152,2018,11,20,20181120.0,Sem informacao,bueiro entupido,Esgoto,Frequentemente,Rua Nilton cordeiro 85,Parque União,-22.850315,-43.240711,nao menciona,nao se aplica
15,20181122_1520,2018,11,22,20181122.0,Bueiro entupido e fossa saindo,bueiro entupido,Esgoto,Não informado,Rua do miolo,Nova Holanda,-22.853818,-43.242923,nao menciona,nao se aplica
16,20181125_1331,2018,11,25,20181125.0,Sem informacao,acúmulo de lixo,Lixo,Não informado,"Principal,esquina com rua João Araujo",Nova Holanda,-22.852144,-43.243117,nao menciona,nao se aplica
17,20181127_2123,2018,11,27,20181127.0,Sem informacao,transbordamento de esgoto,Esgoto,Não informado,No beco da rua jose caetano e miolo,Nova Holanda,-22.853498,-43.241188,nao menciona,nao se aplica
18,20181130_1825,2018,11,30,20181130.0,Por áudio moradora informa que transbordo já dura meses,transbordamento de esgoto,Esgoto,Diariamente,Em frente ao BRT da Maré,Parque União,-22.846764,-43.2429,nao menciona,nao se aplica
19,20181204_1841,2018,12,04,20181204.0,Sem informacao,bueiro entupido,Esgoto,Não informado,Rua Ary Leão,Parque União,-22.85112,-43.246767,nao menciona,nao se aplica
20,20181205_1807,2018,12,05,20181205.0,Sem informacao,acúmulo de lixo,Lixo,Não informado,Rua Bittencourt Sampaio esquina com a rua das maravilhas,Nova Holanda,-22.853584,-43.244426,nao menciona,nao se aplica
21,20181205_1808,2018,12,05,20181205.0,Sem informacao,acúmulo de lixo,Lixo,Não informado,Rua Bittencourt Sampaio com aymore,Nova Holanda,-22.853624,-43.244944,nao menciona,nao se aplica
22,20181205_2310,2018,12,05,20181205.0,Sem informacao,acúmulo de lixo,Lixo,Não informado,Rua larga (eu acho) em frente ao batalhão,Parque União,-22.850054,-43.241409,nao menciona,nao se aplica
23,20181205_2311,2018,12,05,20181205.0,Sem informacao,bueiro entupido,Esgoto,Não informado,Rua Bittencourt Sampaio perto da rua das maravilhas,Nova Holanda,-22.853584,-43.244426,nao menciona,nao se aplica
24,20181211_1335,2018,12,11,20181211.0,Sem informacao,bueiro entupido,Esgoto,Não informado,"Rua do Serviço, altura do número 16",Baixa do Sapateiro,-22.86126,-43.244007,nao menciona,nao se aplica
25,20190826_1637,2019,08,26,20190826.0,Foto + Endereço,acúmulo de lixo,Lixo,Não informado,Travessa Americo de Oliveira,Nova Holanda,-22.8556632,-43.2418173,nao menciona,nao se aplica
26,20190826_1639,2019,08,26,20190826.0,Foto + Endereço,acúmulo de lixo e entulho,Lixo,Não informado,Rua principal 101,Nova Holanda,-22.8556562,-43.244359,nao menciona,nao se aplica
27,20190824_1327,2019,08,24,20190824.0,"Esgoto está enchendo a quase 1 mes, causando cheiro ruim e concentração de moscas",bueiro entupido,Esgoto,Não informado,Rua Principal 111,Nova Holanda,-22.8556562,-43.244359,sim,Sem informacao
28,20190831_1148,2019,08,31,20190831.0,Sem informacao,acúmulo de lixo,Lixo,Não informado,Rua Guilherme Frota 198,Baixa do Sapateiro,-22.8624958,-43.2490566,nao menciona,nao se aplica
29,20190903_0937,2019,09,03,20190903.0,Sem informacao,acúmulo de lixo e entulho,Lixo,Frequentemente,Rua Capivari com Guilherme Maxwell,Baixa do Sapateiro,-22.8652779,-43.2446247,nao menciona,nao se aplica
30,20190903_1003,2019,09,03,20190903.0,Sem informacao,acúmulo de lixo e entulho,Lixo,Frequentemente,Rua Capivari com Guilherme Maxwell,Baixa do Sapateiro,-22.8652779,-43.2446247,nao menciona,nao se aplica
31,20190903_1119,2019,09,03,20190903.0,Sem informacao,transbordamento de agua,Vazamento de água,Não informado,Rua Capivari com Guilherme Maxwell,Baixa do Sapateiro,-22.8652779,-43.2446247,nao menciona,nao se aplica
32,20190907_2330,2019,09,07,20190907.0,Sem informacao,acúmulo de lixo e entulho,Lixo,Frequentemente,Projetada G esquina com 203,Salsa e Merengue,-22.8711106,-43.2406391,nao menciona,nao se aplica
33,20190907_2331,2019,09,07,20190907.0,Sem informacao,acúmulo de lixo,Lixo,Frequentemente,Projetada G esquina com 203,Salsa e Merengue,-22.8711106,-43.2406391,nao menciona,nao se aplica
34,20190913_0947,2019,09,13,20190913.0,"Dejetos estão saindo, enchendo a entrada da casa a mais de 2 semanas",bueiro entupido,Esgoto,Não informado,Rua Castelo Branco 47,Baixa do Sapateiro,-22.8620103,-43.2483685,sim,vizinho
35,20190918_1510,2019,09,18,20190918.0,Sem informacao,bueiro entupido,Esgoto,Não informado,"Vila São Sebastião, 719, casa 7",Baixa do Sapateiro,-22.8620103,-43.2483685,sim,cedae
36,20190912_1654,2019,09,12,20190912.0,Sem informacao,acúmulo de lixo,Lixo,Não informado,Ciclovia do Pinheiro,Vila dos Pinheiros,-22.8691074,-43.2387956,nao menciona,nao se aplica
37,20190915_1533,2019,09,15,20190915.0,Sem informacao,acúmulo de lixo,Lixo,Não informado,Morro do Timbau / Rua Capivari com Guilherme Maxwell,Morro do Timbau,-22.8652779,-43.2446247,nao menciona,nao se aplica
38,20190916_1308,2019,09,16,20190916.0,Sem informacao,acúmulo de lixo e entulho,Lixo,Não informado,Salsa e Merengue,Salsa e Merengue,-22.8711106,-43.2406391,nao menciona,nao se aplica
39,20190928_1234,2019,09,28,20190928.0,Sem informacao,acúmulo de lixo,Lixo,Sem informacao,Rua Projetada 2,Baixa do Sapateiro,-22.8604189,-43.2415287,Sem informacao,Sem informacao
40,20191009_1227,2019,10,09,20191009.0,Essa foto é da rua projetada da baixa em frente a Capitão carlos pessoas deixam seus lixos e entulhos a comlub não leva e a rua fica cheia,acúmulo de lixo e entulho,Lixo,Sem informacao,Rua Projetada 2,Baixa do Sapateiro,-22.8604189,-43.2415287,Sem informacao,Sem informacao
41,20191009_1317,2019,10,09,20191009.0,E perto da escola Bahia perto da clínica da família,acúmulo de lixo,Lixo,Sem informacao,Rua Capivari,Baixa do Sapateiro,-22.8652779,-43.2446247,Sem informacao,Sem informacao
42,20191208_1423,2019,12,08,20191208.0,esgoto jorrando na Travessa perto da principal do Pinheiro,Transbordamento de esgoto,Alagamento,Frequentemente,Principal do Pinheiro,Vila dos Pinheiros,-22.863446,-43.237763,não menciona,não menciona
43,20191208_1424,2019,12,08,20191208.0,Lixo acumulando na rua de trás do fogo cruzado perto da passarela,Acumulo de lixo ,Lixo,Não informado,Rua Praia de Inhauma,Conjunto Bento Ribeiro Dantas,-22.86713,-43.242611,Sem informacao,Sem informacao
45,20210519_2310,2021,05,19,20210519.0,Apesar de ter as caçambas sempre tem muito lixo espalhado,Acúmulo de lixo,Lixo,Diariamente,No final da rua projetada g com a F no salsa e merengue,Salsa e Merengue,-22.870357,-43.235913,Sem informacao,Sem informacao
46,20210520_2118,2021,05,20,20210520.0,Essa vala é na Rua projetada G no salsa.Ela fica sempre assim,Esgoto a céu aberto,Esgoto,Diariamente,Rua projetada G no salsa,Salsa e Merengue,-22.871244,-43.236338,Sem informacao,Sem informacao
47,20210520_2121,2021,05,20,20210520.0,Esgoto vazando,Esgoto a céu aberto,Esgoto,Frequentemente,C11 em frente à escola municipal Vila do Pinheiro,Vila dos Pinheiros,-22.869622,-43.238557,Sem informacao,Sem informacao
48,20210520_2122,2021,05,20,20210520.0,Esgoto vazando,Esgoto a céu aberto,Esgoto,Frequentemente,C11 em frente à escola municipal Vila do Pinheiro,Vila dos Pinheiros,-22.869622,-43.238557,Sem informacao,Sem informacao
49,210210521_0808,2021,10,21,20210521.0,Lixo sempre depositado em cima de uma entrada de Esgoto. Problema Frequente.,Acúmulo de lixo,Lixo,Diariamente,"Rua Gerson Ferreira, altura da Fundação Leão XIII",Roquete Pinto,-22.842273,-43.249849,Sem informacao,Sem informacao
50,210210521_0809,2021,10,21,20210521.0,Problema de esgoto frequente.,Esgoto a céu aberto,Esgoto,Frequentemente,"Rua Gerson Ferreira, praticamente ao lado do CMS Américo Veloso.",Roquete Pinto,-22.842006,-43.249517,Sem informacao,Sem informacao
51,210210521_0809 (2),2021,10,21,20210521.0,Sem informacao,Transbordamento de esgoto,Esgoto,Frequentemente,"Rua Gerson Ferreira, em Frente ao Posto de Polícia.",Roquete Pinto,-22.842124474822700,-43.2496861535484,Sem informacao,Sem informacao
52,210210521_0811,2021,10,21,20210521.0,Lixo sempre depositado e muitas das vezes esquecidos.,Acúmulo de lixo,Lixo,Diariamente,Travessa Santo Antônio altura do número 30,Roquete Pinto,-22.84223467804106,-43.24848401755628,Sem informacao,Sem informacao
53,210210521_0821,2021,10,21,20210521.0,"Problema de Esgoto a céu aberto, fixo há anos. ",Problemas com bueiro,Esgoto,Diariamente,Beco 7 de Setembro altura do número 27,Roquete Pinto,-22.841978,-43.247218,Sem informacao,Sem informacao
54,210210521_0843,2021,10,21,20210521.0,Problema de esgoto a céu aberto.,Esgoto a céu aberto,Esgoto,Frequentemente,Beco da Serragem - Altura do número 10. - ,Roquete Pinto,-22.841585733578896,-43.24858091731463,Sem informacao,Sem informacao
55,210210521_0847,2021,10,21,20210521.0,Problema de esgoto na Travessa Roquete Pinto.,Transbordamento de esgoto,Esgoto,Frequentemente,Travessa Roquete Pinto,Roquete Pinto,-22.84214112003502,-43.24667964741006,Sem informacao,Sem informacao
56,20210521_1213,2021,05,21,20210521.0,Lixo e entulho,Acúmulo de lixo e entulho,Lixo,Diariamente,"Rua Guilherme Maxuel próximo ao EDI, Quelita de Paula",Baixa do Sapateiro,-22.864830254669922,-43.24442947922038,Sem informacao,Sem informacao
57,20210521_1214,2021,05,21,20210521.0,Vazamento continuo de esgoto,Esgoto a céu aberto,Esgoto,Diariamente,rua Guilherme Maxuel próximo ao Museu da maré em frente ao EDI,Morro do Timbau,-22.865359952697400,-43.2421284169798,Sem informacao,Sem informacao
58,20210521_1214 (2),2021,05,21,20210521.0,Lixo acumulado mesmo havendo placa de avisando para não jogar lixo,Acúmulo de lixo,Lixo,Diariamente,"Esquina do museu da Maré, Rua Guilherme Maxue",Morro do Timbau,-22.865263297234943,-43.24240628552413,Sem informacao,Sem informacao
59,20210521_1226,2021,05,21,20210521.0,Entulho permanente,Acúmulo de lixo e entulho,Lixo,Diariamente," vila 58, no conjunto Bento Ribeiro Danta",Bento Ribeiro Dantas,-22.867101,-43.240834,Sem informacao,Sem informacao
60,20210521_1230,2021,05,21,20210521.0,"Vazamento constante , ruas úmidas sempre",Esgoto a céu aberto,Esgoto,Diariamente," rua 1, conjunto Bento  Ribeiro Dantas. Próximo ao CEJA",Bento Ribeiro Dantas,-22.866687,-43.242347,Sem informacao,Sem informacao
61,20210521_1306,2021,05,21,20210521.0,Árvore caída com isso pessoas estão jogando lixo no local,Acúmulo de lixo e entulho,Lixo,Frequentemente,"Rua Joana nascimento , prox ao treiler ocupa",Baixa do Sapateiro,-22.86287,-43.24501,Sem informacao,Sem informacao
62,20210521_1447,2021,05,21,20210521.0,Fica entupido com frequência.,Bueiro entupido,Esgoto,Frequentemente,Travessa 57 em frente ao brisolão da vila do Pinheiro,Vila dos Pinheiros,-22.869352,-43.237752,Sem informacao,Sem informacao
63,20210527_0742,2021,05,27,20210527.0,Problema de Esgoto - Muito Frequente,Transbordamento de esgoto,Esgoto,Frequentemente,Rua Carlos Manuel altura do 54,Roquete Pinto,-22.842503,-43.246637,Sem informacao,Sem informacao
64,20210527_0743,2021,05,27,20210527.0,Problema de Esgoto - Pequena Frequência nesse ponto,Esgoto a céu aberto,Esgoto,Ocasionalmente,Rua Ouricuri (Altura da Mirian),Roquete Pinto,-22.84102751705726,-43.24835606526194,Sem informacao,Sem informacao
65,20210527_0745,2021,05,27,20210527.0,Esgoto a céu aberto. - Problema frequente com muita proliferação de pragas,Bueiro entupido,Esgoto,Diariamente,BECO Do Iate,Roquete Pinto,-22.841404,-43.247446,Sem informacao,Sem informacao
66,20210527_0747,2021,05,27,20210527.0,Problema de depósito de Resíduos Sólidos Irregular - Muito Frequente,Acúmulo de lixo,Lixo,Diariamente,Av Brasil com a Rua Jubaulima.,Roquete Pinto,-22.843718246199025,-43.24991140309602,Sem informacao,Sem informacao
67,20210527_0748,2021,05,27,20210527.0,Problema de Descarte Irregular bem frequente,Acúmulo de lixo e entulho,Lixo,Frequentemente, Em frente a antiga loja da Tigre de Ramos,Roquete Pinto,Sem informacao,Sem informacao,Sem informacao,Sem informacao
68,20210527_0951,2021,05,27,20210527.0,É um problema presente por praticamente todas as ruas internas da rota. A água se encontra acumulada dia e noite; há certos pontos como nesse em que até descarga é despejada nessas “canaletas”,Esgoto a céu aberto,Esgoto,Diariamente,Rua J (Marcelo Machado) com a Rua do Canal.,Nova Holanda,-22.852868376975547,-43.242621154446496,Sem informacao,Sem informacao
69,20210527_1003,2021,05,27,20210527.0,Bueiro vazando água o que acaba levando também ao problema da queixa anterior de água parada e suja nas “canaletas” e liberando mau cheiro,Bueiro entupido,Esgoto,Diariamente,Rua Sgr. Silva Nunes (Em frente a Redes),Nova Holanda,-22.85420831959072,-43.24194329820743,Sem informacao,Sem informacao
70,20210527_1016,2021,05,27,20210527.0,Problema grande que durante a noite se agrava mais ainda e expande pela esquina por completo,Bueiro entupido,Drenagem,Diariamente,Esquina Rua M (Sofia Azevedo) com Bittencourt Sampaio,Nova Holanda,-22.853188829449564,-43.24173508783255,Sem informacao,Sem informacao
71,20210527_2113,2021,05,27,20210527.0,"Lixo bastante acumulado no local de forma frequente segundo a morador, “canaleta” contém fezes e possui mau cheiro.",Esgoto a céu aberto,Esgoto,Diariamente,Rua G (Rua Leonardo Moreno) com a Bittencourt Sampaio,Nova Holanda,-22.853468019801667,-43.24351216801071,Sem informacao,Sem informacao
72,20210528_0756,2021,05,28,20210528.0,Está assim a muito tempo,Acúmulo de lixo e entulho,Lixo,Diariamente,Rua projetada f próximo ao canal do Cunha,Salsa e Merengue,-22.870863,-43.234451,Sem informacao,Sem informacao
73,20210528_0800,2021,05,28,20210528.0,"Esgoto vazando, vazamento frequente",Esgoto a céu aberto,Esgoto,Frequentemente,rua projetada f atrás da escola Medalhista olímpico Luiz Felipe Marques,Salsa e Merengue,-22.870754,-43.234706,Sem informacao,Sem informacao
74,20210528_0812,2021,05,28,20210528.0,Moradores reclamam q não tem caçamba e vive cheio de lixo,Acúmulo de lixo e entulho,Lixo,Diariamente,"Travessa da felicidade na localidade conhecida como Marrocos,",Vila dos Pinheiros,-22.869647,-43.238899,Sem informacao,Sem informacao
75,20210528_1210,2021,05,28,20210528.0,Entulho acumulado,Acúmulo de lixo e entulho,Lixo,Ocasionalmente, rua Alabama próximo ao número 18,Morro do Timbau,-22.863583615860026,-43.24220191812971,Sem informacao,Sem informacao
76,20210528_1213,2021,05,28,20210528.0,Sofá abandonado na rua Magalhães,Acúmulo de lixo e entulho,Lixo,Frequentemente, rua Alabama próximo ao número 18,Morro do Timbau,-22.86356,-43.24229,Sem informacao,Sem informacao
77,20210528_1233,2021,05,28,20210528.0,Acúmulo de lixo,Acúmulo de lixo,Lixo,Diariamente,praça da pedreira na rua Capivari,Morro do Timbau,-22.86364,-43.24043,Sem informacao,Sem informacao
78,20210528_1239,2021,05,28,20210528.0,Vazamento de esgoto em dois ponto da rua,Esgoto a céu aberto,Esgoto,Frequentemente,ria praia de Inhauma próximo a clínica da família e ao moto táxi,Morro do Timbau,-22.864209,-43.239769,Sem informacao,Sem informacao
79,20210528_1249,2021,05,28,20210528.0,Acúmulo de lixo na rua ,Acúmulo de lixo e entulho,Lixo,Frequentemente,"rua Guilherme frota próximo ao estacionamento 24h, sem número",Baixa do Sapateiro,-22.862502,-43.245193,Sem informacao,Sem informacao
80,20210528_1258,2021,05,28,20210528.0,Acúmulo de entulho ,Acúmulo de lixo e entulho,Lixo,Ocasionalmente,"rua guiemo-nos frota , próximo a ""portelinha"" sem número",Baixa do Sapateiro,-22.862627,-43.243364,Sem informacao,Sem informacao
81,20210528_1329,2021,05,28,20210528.0,Vazamento na rua,Transbordamento de água,Esgoto,Frequentemente,ria da proclamação esquina com a Flávia Farnese na fábrica próxima ao número 140 (orquestra Maré do amanhã ),Baixa do Sapateiro,-22.860688374220413,-43.24551365546995,Sem informacao,Sem informacao
82,20210530_1630,2021,05,30,20210530.0,Canteiro com acúmulo de lixo junto as plantas,Acúmulo de lixo,Lixo,Diariamente,"Canteiro na rua praia de Inhauma próximo ao caixa 24h,",Morro do Timbau,-22.86403823121646,-43.23962088839711,Sem informacao,Sem informacao
83,20210531_0413,2021,05,31,20210531.0,"chove, acontece. problema de escoamento de água, trecho frequentemente alaga",Alagamento,Drenagem,Ocasionalmente,"rincipal, altura do Ravis",Nova Holanda,-22.8529,-43.24285,Sem informacao,Sem informacao
84,20210531_0419,2021,05,31,20210531.0,"mais alagamento. Trecho alaga com frequência maior ainda. morador inclusive pontuou que sempre que chove, tem que colocar madeira na parte de baixo da porta e dormir com as janelas fechadas devido o aumento do número de ratos",Alagamento,Drenagem,Ocasionalmente, rua do canal. ,Nova Holanda,-22.85292190183142,-43.24301929395271,Sem informacao,Sem informacao
85,20210531_1123,2021,05,31,20210531.0,Tudo alagado e esgoto aberto,Alagamento,Drenagem,Ocasionalmente,Via b9 vila do Pinheiro,Vila dos Pinheiros,-22.866899,-22.866899,Sem informacao,Sem informacao
86,20210531_1124,2021,05,31,20210531.0,Sempre que chove fica assim,Alagamento,Drenagem,Ocasionalmente,Próximo ao campo da toca Com a via b1,Vila dos Pinheiros,-22.868082,-43.239071,Sem informacao,Sem informacao
87,20210531_1154,2021,05,31,20210531.0,Sempre que chove fica assim,Alagamento,Drenagem,Ocasionalmente,Travessa 55 vila do Pinheiro,Vila dos Pinheiros,-22.868966,-43.237203,Sem informacao,Sem informacao
88,20210531_1314,2021,05,31,20210531.0,-Vídeo alagamento,Alagamento,Drenagem,Ocasionalmente,"Piscinão de Ramos, altura da Ouricuri com a Travessa Sto Antônio",Roquete Pinto,-22.842143798648216,-43.2472148192588,Sem informacao,Sem informacao
89,20210604_1950,2021,06,04,20210604.0,Esgoto vazando,Transbordamento de esgoto,Esgoto,Frequentemente,"beco na obrinha em frente a rua do meio, próximo ao mercadinho bom preço",Vila dos Pinheiros,-22.868900,-43.235548,Sem informacao,Sem informacao
90,20210607_1059,2021,06,07,20210607.0,Rua com extensa faixa de lixo e esgoto,Acúmulo de lixo e entulho,Lixo,Diariamente,"Rua 7 de março na baixa, esquina com a rua do serviço , próximo a Brasil ",Baixa do Sapateiro,-22.85788,-43.24683,Sem informacao,Sem informacao
91,20210607_1059 (2),2021,06,07,20210607.0,Rua com extensa faixa de lixo e esgoto,Esgoto a céu aberto,Esgoto,Diariamente,"Rua 7 de março na baixa, esquina com a rua do serviço , próximo a Brasil ",Baixa do Sapateiro,-22.858120256503373,-43.246798247132986,Sem informacao,Sem informacao
92,20210607_1328,2021,06,07,20210607.0,Imagem de Esgoto a Céu Aberto - extrema frequência. ,Esgoto a céu aberto,Drenagem,Diariamente,"Beco 7 de Setembro , Roquete Pinto.",Roquete Pinto,-22.841978,-43.247218,Sem informacao,Sem informacao
93,20210608_1316,2021,06,08,20210608.0,"Esgoto vazando, frequente",Transbordamento de esgoto,Esgoto,Frequentemente,via A1 vila do Pinheiro Próximo a travessa 56,Vila dos Pinheiros,-22.869234,-43.237755,Sem informacao,Sem informacao
94,20210610_1559,2021,06,10,20210610.0,Restos de galhos no  valão,Acúmulo de lixo e entulho,Lixo,Frequentemente,"valão, na av canal trezentos",Conjunto Esperança,-22.876226,-43.240597,Sem informacao,Sem informacao
95,20210610_2110,2021,06,10,20210610.0,Morador reclama que o ponto está começando a ter frequência de descarte de lixo e acúmulo. por ser um novo ponto de descarte/acúmulo não há coleta lá,Alagamento,Lixo,Frequentemente,rua Quinze de Janeiro com Rua do Miolo,Nova Holanda,-22.853702173323168,-43.24210599886001,Sem informacao,Sem informacao
96,20210610_2112,2021,06,10,20210610.0,"Esgoto exposto ao ar livre e não chega ao bueiro, ficando acumulado no canto da rua",Alagamento,Esgoto,Diariamente,Rua J.F. De Lima com Tancredo Neves,Parque Rubens Vaz,-22.852328627810998,-43.24107147567979,Sem informacao,Sem informacao
97,20210610_2117,2021,06,10,20210610.0,Problema frequente por um longo período da rua,Esgoto a céu aberto,Esgoto,Ocasionalmente,Rua Flávia Farnese com 17 de Fevereiro,Parque Maré,-22.858900518378526,-43.246056886466064,Sem informacao,Sem informacao
98,20210610_2121,2021,06,10,20210610.0,Sem informacao,Esgoto a céu aberto,Esgoto,Diariamente,"Principal, próximo a a esquina com a Sargento Silva Nunes",Nova Holanda,-22.854170661069517,-43.24257805696944,Sem informacao,Sem informacao
99,20210610_2125,2021,06,10,20210610.0,problema frequente de acúmulo e exposição de esgoto,Esgoto a céu aberto,Esgoto,Diariamente,Rua Maçaranduba próximo ao It’s boteco,Parque Rubens Vaz,-22.8531,-43.2456,Sem informacao,Sem informacao
100,20210610_2130,2021,06,10,20210610.0,Choveu por 1 hora e a rua já alagou de forma que dificultou a saída para o trabalho,Alagamento,Drenagem,Ocasionalmente,Rua das Américas,Nova Holanda,-22.8529,-43.24285,Sem informacao,Sem informacao
101,20210611_1234,2021,06,11,20210611.0,Acúmulo de lixo na faixa de pedestre,Acúmulo de lixo,Lixo,Diariamente,"faixa de pedestre na Bento Ribeiro Dantas beirando a linha amarela , próximo a passarela da via rio construshow",Baixa do Sapateiro,-22.865691245232238,-43.23995547261712,Sem informacao,Sem informacao
102,20210611_1239,2021,06,11,20210611.0,Acúmulo de lixo e entulho,Acúmulo de lixo e entulho,Lixo,Frequentemente," rua praia de Inhauma beco próximo ao número 44, em frente ao pontilhão do da linha amarela",Morro do Timbau,-22.863206273429498,-43.23906043597706,Sem informacao,Sem informacao
103,20210611_1240,2021,06,11,20210611.0,Acúmulo de lixo na rua praia de Inhauma,Acúmulo de lixo e entulho,Lixo,Diariamente,"ua praia de Inhauma em frente ao pontilhão da linha amarela , ao lado de um mini jardim chamado ""jardim cuide de mim""",Morro do Timbau,-22.86260441794414,-43.2387996741408,Sem informacao,Sem informacao
104,20210611_1248,2021,06,11,20210611.0,Acúmulo de entulho na rua,Acúmulo de lixo e entulho,Lixo,Ocasionalmente,praia de Inhauma uma próximo ao número 14.,Morro do Timbau,-22.86218,-43.23817,Sem informacao,Sem informacao
105,20210618_1141,2021,06,18,20210618.0,Problema de Esgoto - Frequente. ,Esgoto a céu aberto,Esgoto,Diariamente,". Gerson Ferreira , próximo a Passarela 12",Roquete Pinto,-22.84218,-43.24967,Sem informacao,Sem informacao
106,20210618_1142,2021,06,18,20210618.0,"Problema de Esgoto -  Problema frequente (sempre que chove) - Junto temos a grande quantidade de bichos (ratos) e insetos (mosquitos, larvas) ",Alagamento,Drenagem,Ocasionalmente,Piscinão de Ramos (Praça do Piscinão),Praia de Ramos,-22.84018,-43.24976,Sem informacao,Sem informacao
107,20210618_1143,2021,06,18,20210618.0,Foto de Esgoto - Rua Gerson Ferreira. Próximo a Passarela 12 - problema frequente - foto do dia 16/06/21,Esgoto a céu aberto,Esgoto,Diariamente,Rua Gerson Ferreira. Próximo a Passarela 12,Roquete Pinto,-22.84254,-43.2502,Sem informacao,Sem informacao
108,20210618_1255,2021,06,18,20210618.0,Bueiro aberto ,Problemas com bueiro,Esgoto,Frequentemente,rua Guilherme frota em frente ao número 516,Baixa do Sapateiro,-22.86272,-43.24386,Sem informacao,Sem informacao
109,20210618_1302,2021,06,18,20210618.0,Vazamento de água,Transbordamento de água,Abastecimento de água,Frequentemente,rua nova Jerusalém próximo a fábrica edi ouro n545,Baixa do Sapateiro,-22.86142,-43.2454,Sem informacao,Sem informacao
110,20210618_1305,2021,06,18,20210618.0,Vazamento de esgoto,Transbordamento de esgoto,Esgoto,Diariamente,rua nova Jerusalém em frente ao número 270,Baixa do Sapateiro,-22.86148,-43.24615,Sem informacao,Sem informacao
111,20210618_1416,2021,06,18,20210618.0,Esgoto exalando mau cheiro e transbordando água pela tampa,Bueiro entupido,Esgoto,Frequentemente,Rua da paz com tiradentes,Parque União,-22.85213,-43.24552,Sem informacao,Sem informacao
112,20210618_1418,2021,06,18,20210618.0,"Me pareceu ser uma tampa de bueiro pluvial desativado (não tenho certeza), mas de qualquer forma está eliminando esgoto para a rua",Bueiro entupido,Esgoto,Frequentemente,"Parque união, Rua Brasíli",Parque União,-22.85089,-43.24312,Sem informacao,Sem informacao
113,20210618_1421,2021,06,18,20210618.0,"Morador disse que ali sempre inundava quando saia água pelo cano) me pareceu mais um problema de infra estrutura, mas como fiquei na dúvida tirei foto",Transbordamento de água,Esgoto,Frequentemente,"Parque União, Rua Brasília esquina com a rua que faz ligação com a rua larga",Parque União,-22.85078,-43.24279,Sem informacao,Sem informacao
114,20210622_1133,2021,06,22,20210622.0,Está com muito lixo,Acúmulo de lixo e entulho,Lixo,Diariamente,"Mata , vila do Pinheiro",Vila dos Pinheiros,-22.86565,-43.23606,Sem informacao,Sem informacao
115,20210622_1134,2021,06,22,20210622.0,Está com muito lixo,Acúmulo de lixo e entulho,Lixo,Diariamente,"Mata , vila do Pinheiro",Vila dos Pinheiros,-22.8662,-43.23537,Sem informacao,Sem informacao
116,20210622_1135,2021,06,22,20210622.0,Está com muito lixo,Acúmulo de lixo e entulho,Lixo,Diariamente,"Mata , vila do Pinheiro",Vila dos Pinheiros,-22.86483,-43.2349,Sem informacao,Sem informacao
117,20210623_1542,2021,06,23,20210623.0,Entulho na rua,Acúmulo de lixo e entulho,Lixo,Frequentemente,"rua nova Jerusalém, beco ao lado do N 573, próximo a casa 46.",Morro do Timbau,-22.86178,-43.24056,Sem informacao,Sem informacao
118,20210623_1543,2021,06,23,20210623.0,Entulho na rua,Acúmulo de lixo e entulho,Lixo,Diariamente,rua nova Jerusalém beco (próximo ao número 88),Morro do Timbau,-22.86169,-43.23998,Sem informacao,Sem informacao
119,20210623_1545,2021,06,23,20210623.0,Relato dos moradores que em dias de chuva o beco fica alagado nesta área.,Alagamento,Esgoto,Ocasionalmente,Beco do tripeiro,Baixa do Sapateiro,-22.86143,-43.23951,Sem informacao,Sem informacao
120,20210623_1547,2021,06,23,20210623.0,Acúmulo Entulho,Acúmulo de lixo e entulho,Lixo,Frequentemente,em frente a vila olímpica próximo ao UERE- baixa do sapateiro,Nova Maré,-22.86033,-43.23919,Sem informacao,Sem informacao
121,20210624_2348,2021,06,24,20210624.0,Muito lixo,Acúmulo de lixo e entulho,Lixo,Diariamente,Final da rua projetada c. Perto da linha vermelha ( fim do mundo),Vila dos Pinheiros,-22.86757,-43.23323,Sem informacao,Sem informacao
122,20210625_1242,2021,06,25,20210625.0,Rua com vários pontos de acúmulo de lixos e e lixos espalhados,Acúmulo de lixo e entulho,Lixo,Diariamente,Rua Ivanildo Alvez/divisa altura da lona. Beirando o balão.,Nova Maré,-22.85827,-43.24063,Sem informacao,Sem informacao
123,20210625_1246,2021,06,25,20210625.0,Vazamento de esgoto,Esgoto a céu aberto,Esgoto,Frequentemente,"rua principal em frente à praça 18, baixa do sapateiro",Nova Maré,-22.85907,-43.2413,Sem informacao,Sem informacao
124,20210625_1249,2021,06,25,20210625.0,Acúmulo de lixo em vários pontos da beira do valão . Relato de moradores sobre haver muitos ratos transitando no local devido ao lixo e ao valão.,Acúmulo de lixo,Lixo,Diariamente,"eira do valão da baixa do sapateiro, localizada na rua do canal projetada",Nova Maré,-22.86072,-43.24044,Sem informacao,Sem informacao
125,20210625_1306,2021,06,25,20210625.0,"Acúmulo de lixo na rua da proclamação pro com a fábrica ediouro, em frente ao n 86. Baixa",Acúmulo de lixo e entulho,Lixo,Diariamente,"ua da proclamação pro com a fábrica ediouro, em frente ao n 86. Baixa",Baixa do Sapateiro,-22.86074,-43.2452,Sem informacao,Sem informacao
126,20210625_1307,2021,06,25,20210625.0,Canteiro com acúmulo de lixo,Acúmulo de lixo,Lixo,Diariamente,"rua da proclamação, próximo ao número 152 e a ediouro na baixa",Baixa do Sapateiro,-22.86071,-43.24568,Sem informacao,Sem informacao
127,20210625_1309,2021,06,25,20210625.0,Vazamento de esgoto,Esgoto a céu aberto,Esgoto,Diariamente,"rua da proclamação em frente a fabrica ediouro , prox aí n156, baixa",Baixa do Sapateiro,-22.86069,-43.24579,Sem informacao,Sem informacao
128,20210628_1238,2021,06,28,20210628.0,Sem informacao,Esgoto a céu aberto,Esgoto,Frequentemente,"Rua Deodoro Da Fonseca, próximo a esquina com a rua Ari Leão",Parque União,-22.85117,-43.24629,Sem informacao,Sem informacao
129,20210628_1241,2021,06,28,20210628.0,Morador diz que o problema é de grande frequência à noite,Bueiro entupido,Esgoto,Diariamente,"Rua Maurício de Nassau, no início próximo a Roberto da Silveira",Parque União,-22.85146,-43.24487,Sem informacao,Sem informacao
130,20210628_1244,2021,06,28,20210628.0,Sem informacao,Acúmulo de lixo,Lixo,Frequentemente,Rua Rio Preto com Rua Duque de Caxias.,Parque União,-22.85069,-43.24434,Sem informacao,Sem informacao
131,20210628_1252,2021,06,28,20210628.0,Sem informacao,Acúmulo de lixo,Lixo,Frequentemente,"Rua da Conquista, no trecho Entre a esquina com a Rua rio Preto e a Rua Ari Leoa",Parque União,-22.85048,-43.2441,Sem informacao,Sem informacao
132,20210629_1612,2021,06,29,20210629.0,Sem informacao,Acúmulo de lixo,Lixo,Diariamente,"Travessa 57 esquina com A 1 muito lixo , fica na vila do Pinheiro",Vila dos Pinheiros,-22.86934,-43.23775,Sem informacao,Sem informacao
133,20210702_1218,2021,07,02,20210702.0,Sem informacao,Acúmulo de lixo e entulho,Lixo,Frequentemente,"rua dos Caetés , próximo ao bar do seu Zé",Morro do Timbau,-22.86247,-43.24146,Sem informacao,Sem informacao
134,20210702_1219,2021,07,02,20210702.0,Entulho ,Acúmulo de lixo e entulho,Lixo,Frequentemente,"beco dos Caetés , ao lado do bar !! Timbau",Morro do Timbau,-22.86243,-43.24027,Sem informacao,Sem informacao
135,20210702_1234,2021,07,02,20210702.0,Vazamento de água,Transbordamento de água,Abastecimento de água,Frequentemente,beco bela vista em frente ao número 9,Baixa do Sapateiro,-22.86137,-43.2418,Sem informacao,Sem informacao
136,20210702_1236,2021,07,02,20210702.0,Bueiro entupido,Transbordamento de esgoto,Drenagem,Frequentemente,"rua das oliveiras em frente ao número 30, baixa",Baixa do Sapateiro,-22.86097,-43.24188,Sem informacao,Sem informacao
137,20210702_1237,2021,07,02,20210702.0,Vazamento de esgoto,Esgoto a céu aberto,Esgoto,Frequentemente,"rua das Oliveiras em frente ao 32, baixa",Baixa do Sapateiro,-22.86097,-43.24163,Sem informacao,Sem informacao
138,20210702_1245,2021,07,02,20210702.0,Esgoto aberto,Transbordamento de esgoto,Esgoto,Diariamente,"beco da rua das oliveiras , em frente à loja esquadrilha ! Baixa",Baixa do Sapateiro,-22.86084,-43.24152,Sem informacao,Sem informacao
139,20210702_1246,2021,07,02,20210702.0,Morador desentupindo bueiro de esgoto,Bueiro entupido,Esgoto,Ocasionalmente,rua das oliveiras próximo ao número 83,Baixa do Sapateiro,-22.86121,-43.24113,Sem informacao,Sem informacao
140,20210702_1301,2021,07,02,20210702.0,Cano vazando,Transbordamento de esgoto,Esgoto,Frequentemente,"beco da rua das oliveiras ,n70, entrada do beco altura do número 39, baixa",Baixa do Sapateiro,-22.86132,-43.24022,Sem informacao,Sem informacao
141,20210702_1811,2021,07,02,20210702.0,Problema Frequente,Esgoto a céu aberto,Esgoto,Frequentemente,Fotos da Rua Jubaulima - Rua Inteira.,Roquete Pinto,-22.84311,-43.24924,Sem informacao,Sem informacao
142,20210702_1835,2021,07,02,20210702.0," Problema incomum, mas que tá se tornando comum",Acúmulo de lixo,Lixo,Frequentemente,Passarela 12,Roquete Pinto,-22.84291,-43.25066,Sem informacao,Sem informacao
143,20210705_1312,2021,07,05,20210705.0,Vazamento de água constante,Transbordamento de água,Abastecimento de água,Frequentemente,rua nova Jerusalém (rampa que sai na rua Oliveira ),Morro do Timbau,-22.86143,-43.24083,Sem informacao,Sem informacao
144,20210705_1315,2021,07,05,20210705.0,Morador desentupindo boeiro,Bueiro entupido,Esgoto,Ocasionalmente,"a rua do canal projetada, em frente o número 67",Baixa do Sapateiro,-22.86084,-43.24058,Sem informacao,Sem informacao
145,20210706_2106,2021,07,06,20210706.0,Vazamento de água ainda persiste,Transbordamento de água,Abastecimento de água,Frequentemente,"rua nova Jerusalém, próximo ao número 96 timbau",Morro do Timbau,-22.86181,-43.24065,Sem informacao,Sem informacao
146,20210709_0824,2021,07,09,20210709.0,Esgoto vazando,Esgoto a céu aberto,Esgoto,Frequentemente,b9 com a via b1,Vila dos Pinheiros,-22.86751,-43.23903,Sem informacao,Sem informacao
147,20210709_0825,2021,07,09,20210709.0,Bueiro sem a tampa,Problemas com bueiro,Esgoto,Diariamente,b9 próximo ao campo da toca,Vila dos Pinheiros,-22.86799,-43.23927,Sem informacao,Sem informacao
148,20210709_0836,2021,07,09,20210709.0,Esgoto vazando,Esgoto a céu aberto,Esgoto,Frequentemente,seletiva número 58,Vila dos Pinheiros,-22.86389,-43.23478,Sem informacao,Sem informacao
149,20210713_2026,2021,07,13,20210713.0,Valão com muito lixo,Acúmulo de lixo e entulho,Lixo,Diariamente,av canal próximo a rua 12 da vila do João,Vila do João,-22.87059,-43.2403,Sem informacao,Sem informacao
150,20210715_1109,2021,07,15,20210715.0,Entulho na rua,Acúmulo de lixo e entulho,Lixo,Frequentemente,"rua do canal projetada em frente ao valão, Baixa",Baixa do Sapateiro,-22.860520,-43.240958,Sem informacao,Sem informacao
151,20210715_1110,2021,07,15,20210715.0,Lixo continuo,Acúmulo de lixo,Lixo,Diariamente," rua do canal projetada , esquina com a rua principal. Baixa",Baixa do Sapateiro,-22.860432,-43.241077,Sem informacao,Sem informacao
152,20210715_1226,2021,07,15,20210715.0,Diversos pontos de esgotamento,Esgoto a céu aberto,Esgoto,Frequentemente,Esquina com rua das oliveiras. Baixa,Baixa do Sapateiro,-22.861257,-43.242434,Sem informacao,Sem informacao
153,20210715_1335,2021,07,15,20210715.0,Vazamento de esgoto em vários pontos,Esgoto a céu aberto,Esgoto,Frequentemente,rua A n12,Baixa do Sapateiro,-22.860522,-43.243023,Sem informacao,Sem informacao
154,20210715_1336,2021,07,15,20210715.0,Vazamento de esgoto em vários pontos,Esgoto a céu aberto,Esgoto,Frequentemente,entrada pela rua são Roque n30,Baixa do Sapateiro,-22.859248,-43.243125,Sem informacao,Sem informacao
155,20210715_1724,2021,07,15,20210715.0, lixo tá se espalhando pelo esgoto e pela rua,Esgoto a céu aberto,Esgoto,Frequentemente,"Rua Roberto da Silveira com Rua Canaa, Parque União",Parque União,-22.851589,-43.245236,Sem informacao,Sem informacao
156,20210715_1730,2021,07,15,20210715.0,Morador amigo informou que tá vazando muito esgoto e de forma frequente,Bueiro entupido,Esgoto,Frequentemente,Rua Heitz Oliveira com José Rezende,Parque União,-22.848001,-43.244438,Sem informacao,Sem informacao
157,20210715_1746,2021,07,15,20210715.0,Sem informacao,Bueiro entupido,Esgoto,Frequentemente,Rua Geraldo Marcelino da Silva,Parque União,'-22.849486,Sem informacao,Sem informacao,Sem informacao
158,20210716_1446,2021,07,16,20210716.0,Sem informacao,Transbordamento de esgoto,Esgoto,Ocasionalmente,Rua Maria de Lourdes Martins,Parque União,-22.8493,-43.2436,Sem informacao,Sem informacao
159,20210716_1448,2021,07,16,20210716.0,Sem informacao,Bueiro entupido,Esgoto,Ocasionalmente,Rua Maria de Lourdes Martins,Parque União,-22.84927,-43.24374,Sem informacao,Sem informacao
160,20210716_1450,2021,07,16,20210716.0,Sem informacao,Bueiro entupido,Esgoto,Frequentemente,Rua José Amorim Machado,Parque União,-22.849607 ,-43.245609,Sem informacao,Sem informacao
161,20210716_1452,2021,07,16,20210716.0,O lixo descartado ali acaba se espalhando junto ao esgoto,Esgoto a céu aberto,Esgoto,Frequentemente,Rua São Pedro,Parque União,-22.84947,-43.24568,Sem informacao,Sem informacao
162,20210716_1453,2021,07,16,20210716.0,Sem informacao,Acúmulo de lixo,Lixo,Frequentemente,Rua São Sebastião,Nova Holanda,-22.856245 ,-43.23968,Sem informacao,Sem informacao
163,20210716_1454,2021,07,16,20210716.0,Sem informacao,Acúmulo de lixo e entulho,Lixo,Frequentemente,Rua Teixeira Ribeiro,Parque Maré,-22.857824,-43.239413,Sem informacao,Sem informacao
164,20210716_1458,2021,07,16,20210716.0,Sem informacao,Acúmulo de lixo e entulho,Lixo,Frequentemente,Rua Tancredo Neves com rua Esperança,Parque Maré,-22.856775,-43.240073,Sem informacao,Sem informacao
165,20210716_1853,2021,07,16,20210716.0,Terreno sempre com muito lixo,Acúmulo de lixo e entulho,Lixo,Frequentemente,Rua projetada C,Salsa e Merengue,-22.873176,-43.236653,Sem informacao,Sem informacao
166,20210716_1854,2021,07,16,20210716.0,Sem informacao,Acúmulo de lixo e entulho,Lixo,Frequentemente,Rua projetada C,Salsa e Merengue,-22.873179706950175,-43.23666506994055,Sem informacao,Sem informacao
167,20210716_1857,2021,07,16,20210716.0,local sempre com muito lixo encostado ao muro da escola Marielle Franco,Acúmulo de lixo e entulho,Lixo,Frequentemente,Rua Projetada D,Salsa e Merengue,-22.872850,-43.236253,Sem informacao,Sem informacao
168,20210716_1900,2021,07,16,20210716.0,Vala sempre com muito lixo e caçambas sempre muito cheias,Acúmulo de lixo,Lixo,Frequentemente,Rua Projetada G,Salsa e Merengue,-22.872198,-43.236662,Sem informacao,Sem informacao
169,20210716_1910,2021,07,16,20210716.0,"restos d madeira e entulho , moradores  disseram q já está ali a muito tempo , próximo a Mc salsa  no salsa vila do Pinheiro",Acúmulo de lixo e entulho,Lixo,Frequentemente,Rua Projetada G,Salsa e Merengue,-22.871180,-43.236278,Sem informacao,Sem informacao
170,20210716_1913,2021,07,16,20210716.0,"Rua Pernambuco na Obrinha , rua com esgoto , já está assim ah algum tempo",Esgoto a céu aberto,Esgoto,Frequentemente,Rua Pernambucano,Vila dos Pinheiros,-22.868639,-43.235243,Sem informacao,Sem informacao
171,20210716_1916,2021,07,16,20210716.0,"muro da loja de material de construção do mineiro , mesmo com a placa sempre jogam lixo .",Acúmulo de lixo,Lixo,Frequentemente,Via B1,Vila dos Pinheiros,-22.86733,-43.23454,Sem informacao,Sem informacao
172,20210716_1918,2021,07,16,20210716.0,moradores jogam o lixo no meio da rua,Acúmulo de lixo,Lixo,Ocasionalmente,Travessa 27 ,Vila dos Pinheiros,-22.86716,-43.23468,Sem informacao,Sem informacao
173,20210720_0957,2021,07,20,20210720.0,valão está sempre com repleto de lixo,Acúmulo de lixo e entulho,Lixo,Frequentemente,Av Canal,Vila dos Pinheiros,-22.86893,-43.24133,Sem informacao,Sem informacao
174,20210720_0959,2021,07,20,20210720.0,valão está sempre com repleto de lixo,Acúmulo de lixo e entulho,Lixo,Frequentemente,Av Canal,Vila dos Pinheiros,-22.86893,-43.24133,Sem informacao,Sem informacao
175,20210721_1646,2021,07,21,20210721.0,Esgotamento persistente além do lixo.,Esgoto a céu aberto,Esgoto,Frequentemente,"Rua Tancredo Neves , divisa",Nova Holanda,-22.857944,-43.239852,Sem informacao,Sem informacao
176,20210722_1218,2021,07,22,20210722.0,Vazamento de esgoto,Esgoto a céu aberto,Esgoto,Ocasionalmente,"Nova Mare ( sem número e nomes nas vielas), entrada pela Rua Tancredo Neves.",Nova Maré,-22.86074,-43.23963,Sem informacao,Sem informacao
177,20210722_1219,2021,07,22,20210722.0,Lixo e vazamento de esgoto,Problemas com bueiro,Esgoto,Frequentemente,"Nova Mare ( sem número e nomes nas vielas), entrada pela Rua Ivanildo Alvez",Nova Maré,-22.85845,-43.24066,Sem informacao,Sem informacao
178,20210722_1220,2021,07,22,20210722.0,Lixos e boeiro quebrado.,Esgoto a céu aberto,Esgoto,Frequentemente,"Lixos e boeiro quebrado. Nova Mare ( sem número e nomes nas vielas), entrada pela Rua Tancredo Neves.",Nova Maré,-22.8605,-43.23935,Sem informacao,Sem informacao
179,20210722_1222,2021,07,22,20210722.0,"Entulho espalhado,",Acúmulo de lixo e entulho,Lixo,Frequentemente,"Entulho espalhado, Nova Mare ( sem número e nomes nas vielas), entrada pela Rua do canal projetada",Nova Maré,-22.86052,-43.23959,Sem informacao,Sem informacao
180,20210722_1223,2021,07,22,20210722.0,Vazamento de esgoto,Esgoto a céu aberto,Esgoto,Frequentemente,"Vazamento de esgoto , Nova Mare ( sem número e nomes nas vielas), entrada pela Rua do canal projetada",Nova Maré,-22.860800,-43.23968,Sem informacao,Sem informacao
181,20210722_1224,2021,07,22,20210722.0,Bueiro quebrado,Problemas com bueiro,Esgoto,Diariamente,"Boeiro quebrado, Nova Mare ( sem número e nomes nas vielas), entrada pela Rua Tancredo Neves",Nova Maré,-22.8602,-43.24003,Sem informacao,Sem informacao
182,20210722_1226,2021,07,22,20210722.0,Lixo espalhado,Acúmulo de lixo,Lixo,Frequentemente,"Lixo espalhado , Nova Mare ( sem número e nomes nas vielas), entrada pela Rua Tancredo Neves",Nova Maré,-22.85964,-43.24054,Sem informacao,Sem informacao
183,20210722_1227,2021,07,22,20210722.0,Vazamento de esgoto,Transbordamento de esgoto,Esgoto,Frequentemente,"Vazamento de esgoto, Nova Mare (s numero e nomes nas vielas), entrada pela Rua tancredo neves",Nova Maré,-22.85965,-43.24014,Sem informacao,Sem informacao
184,20210730_1415,2021,07,30,20210730.0,Sem informacao,Esgoto a céu aberto,Esgoto,Frequentemente,Parque Maré/ Rua Nova (próximo a joaquim nabuco) Parque Maré,Parque Maré,-22.85637,-43.24375,Sem informacao,Sem informacao
185,20210730_1417,2021,07,30,20210730.0,Sem informacao,Esgoto a céu aberto,Esgoto,Frequentemente,Parque Maré: Rua João Pessoa (ao final encontro com a Santo Antônio) ,Parque Maré,-22.85627,-43.24444,Sem informacao,Sem informacao
186,20210730_1419,2021,07,30,20210730.0,Sem informacao,Acúmulo de lixo e entulho,Lixo,Frequentemente,Parque Maré: Rua princesa isabel,Parque Maré,-22.85725,-43.24436,Sem informacao,Sem informacao
187,20210730_1421,2021,07,30,20210730.0,Sem informacao,Esgoto a céu aberto,Esgoto,Frequentemente,Parque Maré: rua guanabara com princesa isabel,Parque Maré,-22.85819,-43.24388,Sem informacao,Sem informacao
188,20210730_1422,2021,07,30,20210730.0,Sem informacao,Acúmulo de lixo,Lixo,Frequentemente,Parque Maré: rua vinte nove de julho ,Parque Maré,-22.85837,-43.24319,Sem informacao,Sem informacao
189,20210730_1424,2021,07,30,20210730.0,Sem informacao,Bueiro entupido,Esgoto,Frequentemente,Rua Massaranduba,Parque Rubens Vaz,-22.85297,-43.24497,Sem informacao,Sem informacao
190,20210730_1621,2021,07,30,20210730.0,Sem informacao,Acúmulo de lixo,Lixo,Diariamente,Rua Tancredo neves/ VO,Nova Holanda,-22.85879,-43.23964,Sem informacao,Sem informacao
191,20210730_1622,2021,07,30,20210730.0,Sem informacao,Transbordamento de esgoto,Esgoto,Frequentemente,Rua Tancredo neves com a rua Esperança,Nova Holanda,-22.85685,-43.24014,Sem informacao,Sem informacao
192,20210730_1623,2021,07,30,20210730.0,Sem informacao,Esgoto a céu aberto,Esgoto,Frequentemente,Tancredo neves com Evanildo Alves,Nova Holanda,-22.85796,-43.23988,Sem informacao,Sem informacao
193,20210730_1624,2021,07,30,20210730.0,Sem informacao,Transbordamento de água,Abastecimento de água,Ocasionalmente,Rua Mané garrinha com a rua tancredo neves,Nova Holanda,-22.85605,-43.24038,Sem informacao,Sem informacao
194,20210723_1048,2021,07,23,20210723.0,Rua com vazamento de água,Transbordamento de água,Esgoto,Ocasionalmente,Travessa 28,Vila dos Pinheiros,-22.86714,-43.23506,Sem informacao,Sem informacao
195,20210726_1631,2021,07,26,20210726.0,Travessa com lixo,Acúmulo de lixo,Lixo,Frequentemente,Travessa 46,Vila dos Pinheiros,-22.86763,-43.2375,Sem informacao,Sem informacao
196,20210726_1633,2021,07,26,20210726.0,Esgoto na rua toda,Transbordamento de esgoto,Esgoto,Ocasionalmente,Lote 14 prox a rua A1,Salsa e Merengue,-22.87002,-43.23755,Sem informacao,Sem informacao
197,20210726_1635,2021,07,26,20210726.0,Vazamento de água,Transbordamento de água,Esgoto,Frequentemente,Travessa 56,Salsa e Merengue,-22.86955,-43.23674,Sem informacao,Sem informacao
198,20210726_1636,2021,07,26,20210726.0,Buraco com vazamento de água,Transbordamento de água,Esgoto,Frequentemente,Rua 2 prox a Travessa 13,Vila do João,-22.87154,-43.24002,Sem informacao,Sem informacao
199,20210727_1747,2021,07,27,20210727.0,Travessa com esgoto,Esgoto a céu aberto,Esgoto,Frequentemente,Travessa 31,Vila dos Pinheiros,-22.8673,-43.23575,Sem informacao,Sem informacao
200,20210729_1336,2021,07,29,20210729.0,Sem informacao,Esgoto a céu aberto,Esgoto,Frequentemente,Rua João Araújo,Parque Rubens Vaz,-22.85318,-43.24672,Sem informacao,Sem informacao
201,20210730_1230,2021,07,30,20210730.0,Sem informacao,Acúmulo de lixo,Lixo,Não informado,Rua Flavia Farnese (485) Baixa do Sapateiro,Baixa do Sapateiro,-22.86031,-43.24606,Sem informacao,Sem informacao
202,20210730_1236,2021,07,30,20210730.0,Sem informacao,Problemas com bueiro,Esgoto,Diariamente,Rua paraibuna/ Baixa do Sapateiro,Baixa do Sapateiro,-22.85915,-43.2453,Sem informacao,Sem informacao
203,20210730_1237,2021,07,30,20210730.0,Sem informacao,Problemas com bueiro,Esgoto,Diariamente,"Rua ivanildo alvez, em frente ao beco santa Izabel. Baixa do Sapateiro",Baixa do Sapateiro,-22.85898,-43.24441,Sem informacao,Sem informacao
204,20210730_1254,2021,07,30,20210730.0,Sem informacao,Acúmulo de lixo e entulho,Lixo,Não informado,"Entulho e lixo no beco Santa luzia n 9b, entrada pela rua Ivanildo Alvez",Baixa do Sapateiro,-22.85908,-43.24439,Sem informacao,Sem informacao
205,20210806_1237,2021,08,06,20210806.0,Esgoto aberto,Esgoto a céu aberto,Esgoto,Frequentemente,Travessa alegria n9,Morro do Timbau,-22.86487,-43.24312,Sem informacao,Sem informacao
206,20210806_1238,2021,08,06,20210806.0,Acúmulo de lixo e entulho,Acúmulo de lixo e entulho,Lixo,Frequentemente,travessa trindade,Morro do Timbau,-22.86455,-43.24296,Sem informacao,Sem informacao
207,20210810_1906,2021,08,10,20210810.0,Lixo na rua,Acúmulo de lixo,Lixo,Frequentemente,"Rua nossa senhora da Penha, próximo a padaria da Solange ",Marcílio Dias,-22.82108,-43.27253,Sem informacao,Sem informacao
208,20210810_1908,2021,08,10,20210810.0,Bueiro entupido ,Bueiro entupido,Esgoto,Frequentemente,"Travessa coração de Jesus, próximo ao número 13",Marcílio Dias,-22.81982,-43.27267,Sem informacao,Sem informacao
209,20210810_1910,2021,08,10,20210810.0,Vazamento de água na rua toda ,Transbordamento de água,Drenagem,Não informado,travessa Floriano Peixoto,Marcílio Dias,-22.81862,-43.27319,Sem informacao,Sem informacao
210,20210806_1844,2021,08,06,20210806.0,Travessa com água vazando ,Transbordamento de água,Drenagem,Frequentemente,Travessa 18,Vila dos Pinheiros,-22.86485,-43.23416,Sem informacao,Sem informacao
211,20210806_1845,2021,08,06,20210806.0,Vazamento de água travessa,Transbordamento de água,Drenagem,Frequentemente,Travessa 18,Vila dos Pinheiros,-22.86485,-43.23416,Sem informacao,Sem informacao
212,20210806_18451,2021,08,06,20210806.0,Vazamento de esgoto na rua,Esgoto a céu aberto,Esgoto,Não informado,Av Seletiva prox 46,Vila dos Pinheiros,-22.86353,-43.23572,Sem informacao,Sem informacao
213,20210806_1847,2021,08,06,20210806.0,Esgoto vazando,Transbordamento de esgoto,Esgoto,Frequentemente,Av Seletiva prox 46,Vila dos Pinheiros,-22.86345,-43.23591,Sem informacao,Sem informacao
214,20210806_1850,2021,08,06,20210806.0,Esgoto vazando,Transbordamento de esgoto,Esgoto,Frequentemente,Av Seletiva prox 48,Vila dos Pinheiros,-22.86353,-43.23572,Sem informacao,Sem informacao
215,20210806_1851,2021,08,06,20210806.0,Lixo na rua e esgoto,Esgoto a céu aberto,Esgoto,Frequentemente,Av Seletiva prox 58,Vila dos Pinheiros,-22.86347,-43.23549,Sem informacao,Sem informacao
216,20210806_1852,2021,08,06,20210806.0,Caçamba cheia ,Acúmulo de lixo,Lixo,Não informado,Av Seletiva prox a C8,Vila dos Pinheiros,-22.86373,-43.2351,Sem informacao,Sem informacao
217,20210806_18522,2021,08,06,20210806.0,Caçamba cheia ,Acúmulo de lixo,Lixo,Não informado,Av Seletiva prox a C8,Vila dos Pinheiros,-22.86369,-43.23519,Sem informacao,Sem informacao
218,20210806_1853,2021,08,06,20210806.0,Esgoto vazando,Bueiro entupido,Drenagem,Frequentemente,Rua C7,Vila dos Pinheiros,-22.86332,-43.23648,Sem informacao,Sem informacao
219,20210806_1854,2021,08,06,20210806.0,Acúmulo de lixo,Acúmulo de lixo,Lixo,Não informado,Av Canal prox a Av Bento Ribeiro Dantas,Vila dos Pinheiros,-22.86388,-43.23879,Sem informacao,Sem informacao
220,20210809_1637,2021,08,09,20210809.0,Queixa recorrente,Esgoto a céu aberto,Esgoto,Frequentemente,beco do tripeiro tia praia de Inhauma n11,Baixa do Sapateiro,-22.86171,-43.23893,Sem informacao,Sem informacao
221,20210810_1205,2021,08,10,20210810.0,"Queixa recorrente , acúmulo de lixo",Acúmulo de lixo,Lixo,Frequentemente,"venida Guilherme Maxuel, em frente ao EDI Quelita de Paula",Morro do Timbau,-22.86517,-43.24283,Sem informacao,Sem informacao
222,20210813_1402,2021,08,13,20210813.0,Lixo espalhado,Acúmulo de lixo,Lixo,Frequentemente,Av canal 74 ,Vila do João,-22.86982,-43.2412,Sem informacao,Sem informacao
223,20210813_1708,2021,08,13,20210813.0,Esgoto vazando,Esgoto a céu aberto,Esgoto,Frequentemente,Rua 14 número 6,Vila do João,-22.87185,-43.23977,Sem informacao,Sem informacao
224,20210813_1710,2021,08,13,20210813.0,Rua alagada,Alagamento,Drenagem,Ocasionalmente,Rua germano Firmino dos Santos próximo a av canal ,Conjunto Esperança,-22.87507,-43.23779,Sem informacao,Sem informacao
225,20210813_1711,2021,08,13,20210813.0,Bueiro com entulho,Bueiro entupido,Esgoto,Ocasionalmente,Rua 12 na vila do João próximo ao número 295,Vila do João,-22.8707,43.24038,Sem informacao,Sem informacao
226,20210813_1715,2021,08,13,20210813.0,Canaleta com Esgoto,Esgoto a céu aberto,Esgoto,Frequentemente,"Travessa Principal, Canaleta com Esgoto",Nova Holanda,-22.85874,-43.24221,Sem informacao,Sem informacao
227,20210813_1717,2021,08,13,20210813.0,Sem informacao,Esgoto a céu aberto,Esgoto,Frequentemente,Evanildo Alves,Baixa do Sapateiro,-22.85866,-43.24346,Sem informacao,Sem informacao
228,20210813_1719,2021,08,13,20210813.0,Sem informacao,Esgoto a céu aberto,Esgoto,Frequentemente,Evanildo Alves,Baixa do Sapateiro,-22.85901,-43.24458,Sem informacao,Sem informacao
229,20210813_1721,2021,08,13,20210813.0,Sem informacao,Transbordamento de esgoto,Esgoto,Frequentemente,Evanildo Alves,Baixa do Sapateiro,-22.85902,-43.24452,Sem informacao,Sem informacao
230,20210816_2316,2021,08,16,20210816.0,Beco alagado,Alagamento,Drenagem,Frequentemente,Beco Jardim América,Marcílio Dias,-22.82067,-43.27386,Sem informacao,Sem informacao
231,20210816_23161,2021,08,16,20210816.0,Beco alagado ,Alagamento,Drenagem,Frequentemente,Beco Jardim América,Marcílio Dias,-22.8208,-43.27401,Sem informacao,Sem informacao
232,20210816_23162,2021,08,16,20210816.0,Travessa alagada,Alagamento,Drenagem,Frequentemente,Beco Jardim América,Marcílio Dias,-22.82069,-43.27413,Sem informacao,Sem informacao
233,20210816_2323,2021,08,16,20210816.0,Rua com acúmulo frequente de lixo,Acúmulo de lixo,Lixo,Frequentemente,Rua do Alpiste com a Rua Ns Sra da Penha,Marcílio Dias,-22.81828,-43.27387,Sem informacao,Sem informacao
234,20200816_1309,2020,08,16,20210816.0,Entulho,Acúmulo de lixo e entulho,Lixo,Ocasionalmente,"Entulho no baco Monteiro , em frente a casa 2 entrada pela travessa Jerusalém timbau",Morro do Timbau,-22.86193,-43.24205,Sem informacao,Sem informacao
235,20210820_1714,2021,08,20,20210820.0,Sem informacao,Bueiro entupido,Esgoto,Frequentemente,Travessa 52 prox a B8,Vila dos Pinheiros,-22.8681,-43.23548,Sem informacao,Sem informacao
236,20210820_1716,2021,08,20,20210820.0,Sem informacao,Transbordamento de esgoto,Esgoto,Frequentemente,Travessa 57 com a 56,Vila dos Pinheiros,-22.86925,-43.23674,Sem informacao,Sem informacao
237,20210820_1720,2021,08,20,20210820.0,Sem informacao,Transbordamento de esgoto,Esgoto,Frequentemente,Via C11 esquina com a Via B9,Conjunto Pinheiros,-22.86964,-43.23951,Sem informacao,Sem informacao
238,20210820_1722,2021,08,20,20210820.0,Sem informacao,Esgoto a céu aberto,Esgoto,Frequentemente,Via C11 prox a Via B9,Conjunto Pinheiros,-22.86957,-43.23955,Sem informacao,Sem informacao
239,20210820_1813,2021,08,20,20210820.0,Sem informacao,Acúmulo de lixo e entulho,Lixo,Frequentemente,Via C11 - Marrocos,Conjunto Pinheiros,-22.86985,-43.24028,Sem informacao,Sem informacao
240,20210903_1500,2021,09,03,20210903.0,Sem informacao,Transbordamento de água,Drenagem,Frequentemente,Travessa 28 ,Vila dos Pinheiros,-22.86726,-43.23504,Sem informacao,Sem informacao
241,20210903_1501,2021,09,03,20210903.0,Sem informacao,Esgoto a céu aberto,Esgoto,Frequentemente,Rua Projetada C ,Salsa e Merengue,-22.87275,-43.23766,Sem informacao,Sem informacao
242,20210903_1502,2021,09,03,20210903.0,Sem informacao,Transbordamento de esgoto,Esgoto,Frequentemente,Rua Projetada C,Salsa e Merengue,-22.87204,-43.23825,Sem informacao,Sem informacao
243,20210903_1503,2021,09,03,20210903.0,Sem informacao,Transbordamento de esgoto,Esgoto,Frequentemente,Rua Projetada C,Salsa e Merengue,-22.8721,-43.23812,Sem informacao,Sem informacao
244,20210903_1504,2021,09,03,20210903.0,Sem informacao,Acúmulo de lixo,Lixo,Frequentemente,Rua 13 prox a Av Canal 2 ,Vila do João,-22.87118,-43.23984,Sem informacao,Sem informacao
245,20210903_1506,2021,09,03,20210903.0,Sem informacao,Esgoto a céu aberto,Esgoto,Frequentemente,Sem informacao,Vila do João,-22.87262,-43.24102,Sem informacao,Sem informacao
246,20210903_1510,2021,09,03,20210903.0,Sem informacao,Transbordamento de esgoto,Esgoto,Frequentemente,Rua 3 esquina com a rua 13,Vila do João,-22.87213,-43.24139,Sem informacao,Sem informacao
247,20210903_1512,2021,09,03,20210903.0,Sem informacao,Esgoto a céu aberto,Esgoto,Frequentemente,Rua Saúde esquina com Rua Conquista,Vila do João,-22.8715,-43.24234,Sem informacao,Sem informacao
248,20200529_1228,2020,05,29,20200529.0,Esse esgoto estar assim a bastante tempo a cedae já veio uma vez arrumou com menos de uma semana voltou a ficar assim novamente,Esgoto a céu aberto,Esgoto,Frequentemente,Travessa Brasil,Vila dos Pinheiros,-22.863867,-43.23727,Não menciona,Não menciona
249,20200120_0727,2020,01,20,20200120.0,"Bom dia moro na roquete Pinto e de frente a minha casa ta esse nojo essa tampa já quebrou varias vezes e vive entupido e essa água da caixa da vizinha vive caindo água quase todos os dias ... queria saber se vocês podem fazer algo por nós aqui, obrigado ! Espero que isso resolva porque tem vezes que o cheiro do esgoto tá forte de mais e não consigo ficar na minha própria sala",Bueiro entupido,Esgoto,Frequentemente,Rua Cruzeiro do sul,Roquete Pinto,-22.84419,-43.24815,Não menciona,Não menciona
250,20200303_0944,2020,03,03,20200303.0,Segue algumas fotos de uns dos problemas q estamos enfrentando,Esgoto a céu aberto,Esgoto,Frequentemente,Ciclovia Pinheiro,Vila dos Pinheiros,-22.86323,-43.23786,Não menciona,Não menciona
251,20200305_0821,2020,03,05,20200305.0,Sem informacao,Esgoto a céu aberto,Esgoto,Frequentemente,Via A1. É uma ruazinha subindo para campo da toca.proximo ao sacolão da nena,Vila dos Pinheiros,-22.8681,-43.23766,Não menciona,Não menciona
252,20200529_1228(2),2020,05,29,20200529.0,Esse esgoto estar assim a bastante tempo a cedae já veio uma vez arrumou com menos de uma semana voltou a ficar assim novamente,Bueiro entupido,Esgoto,Diariamente,Essa e a travessa Brasil na vila do Pinheiro,Vila dos Pinheiros,Sem informacao,Sem informacao,Sim,Cedae
253,20201208_2107,2020,12,08,20201208.0,Boa Tarde Meus Amigos esgoto a céu aberto na Rua Principal perto do Detran da Baixa,Esgoto a céu aberto,Esgoto,Frequentemente,Rua Principal perto do Detran da Baixa,Baixa do Sapateiro,-22.85891,-43.24137,Não menciona,Não menciona
254,20201209_0812,2020,12,09,20201209.0,Bom Dia Cocozap esgoto a céu aberto na Obrinha Número 5 Vila Do Pinheiro,Bueiro entupido,Esgoto,Frequentemente,Obrinha Número 5 Vila Do Pinheiro,Vila dos Pinheiros,Sem informacao,Sem informacao,Não menciona,Não menciona
255,20201216_1139,2020,12,16,20201216.0,Sem informacao,Esgoto a céu aberto,Esgoto,Frequentemente,"Trv.operario fortes,roquete pinto... No beco do lado da associação dos moradores",Roquete Pinto,Sem informacao,Sem informacao,Não menciona,Não menciona
256,20210124_0056,2021,01,24,20210124.0,Choveu e ficou muito alagado,Alagamento,Esgoto,Ocasionalmente,Rua da saúde vila do João/ calçado do Upa,Vila do João,-22.87018,-43.24343,Não menciona,Não menciona
257,20210126_2041,2021,01,26,20210126.0,Foi na terça feira não é um problema direito não,Esgoto a céu aberto,Esgoto,Ocasionalmente,Rua Capivari perto do Museu da Maré Timbau,Morro do Timbau,-22.86507,-43.24242,Não menciona,Não menciona
258,20210312_1055,2021,03,12,20210312.0,"Pelo que conversei com quem me falou do problema, é quase sempre que chove. As vezez, mesmo sem chuva fica assim.",Esgoto a céu aberto,Esgoto,Ocasionalmente,"Fica na Rua Manoel Ribeiro Vasconcelos, Conjunto Esperança.Altura do número 13. (Próximo ao segundo campo)",Conjunto Esperança,-22.87474,-43.23717,Não menciona,Não menciona
259,20210312_1628,2021,03,12,20210312.0,Recebi o vídeo e a foto de outro morador da Maré. Mas da Favela Roquete Pinto. E é extremamente frequente no Piscinão de Ramos.,Esgoto a céu aberto,Esgoto,Frequentemente,Fica no Beco 7 de Setembro. Altura do número 10,Roquete Pinto,Sem informacao,Sem informacao,Não menciona,Não menciona
260,20210313_1606,2021,03,13,20210313.0,"Recebi essas fotos de um morador do Piscinão de Ramos. Por coincidência, já tinha passado pelo local. Lixo a céu aberto, com uma grande quantidade de ratos.",Acúmulo de lixo e entulho,Lixo,Diariamente,"Na avenida Brasil, altura da passarela 12. Ponto de acesso para o Piscinão.",Roquete Pinto,-22.84296,-43.25059,Não menciona,Não menciona
261,20210316_1546,2021,03,16,20210316.0,sempre que chove muito alaga. mas n tanto assim. essa foi a primeira vez q vi dessa forma,Alagamento,Esgoto,Ocasionalmente,"rua joão araújo na altura da av brasil, num 32",Parque Rubens Vaz,-22.85291,-43.24559,Não menciona,Não menciona
262,20210316_1647,2021,03,16,20210316.0,Sem informacao,Alagamento,Esgoto,Ocasionalmente,"Favela Roquete Pinto - Piscinão de Ramos. Aqui é no Beco 7 de Setembro, altura do número 15 - Roquete Pinto (Piscinão de Ramos)",Roquete Pinto,Sem informacao,Sem informacao,Não menciona,Não menciona
263,20210316_1648,2021,03,16,20210316.0,Sem informacao,Alagamento,Esgoto,Ocasionalmente,Rua Teixeira Ribeiro,Parque Maré,-22.85594,-43.24529,Não menciona,Não menciona
264,20210316_1656,2021,03,16,20210316.0,Sem informacao,Alagamento,Esgoto,Ocasionalmente,Via B9 - Altura do número 20.,Vila dos Pinheiros,-22.87007,-43.23928,Não menciona,Não menciona
265,20210316_1749,2021,03,16,20210316.0,mas chuva normal não enche tanto,Alagamento,Esgoto,Ocasionalmente,"rua Ari leão no parque união, ao lado da picanha do juscelino",Parque União,-22.8507,-43.24479,Não menciona,Não menciona
266,20210316_1753,2021,03,16,20210316.0,Alaga em chuvas fortes,Alagamento,Esgoto,Ocasionalmente,"Rua João Araújo, parque Rubens Vaz, Ao lado do bar do Miguel, próximo a quadra",Parque Rubens Vaz,-22.85243,-43.24412,Não menciona,Não menciona
267,20210316_1812,2021,03,16,20210316.0,Sem informacao,Alagamento,Esgoto,Ocasionalmente,Fica no C11 - Pinheiro,Vila dos Pinheiros,-22.86962,-43.23807,Não menciona,Não menciona
268,20210316_1848,2021,03,16,20210316.0,Sem informacao,Alagamento,Esgoto,Ocasionalmente,B3 - Pinheiro ( Perto do Brizolao),Vila dos Pinheiros,-22.86861,-43.23738,Não menciona,Não menciona
269,20210316_1941,2021,03,16,20210316.0,Sem informacao,Alagamento,Esgoto,Ocasionalmente,"Esse é na rua João Araújo na Rubens Vaz, Próximo ao campo",Parque Rubens Vaz,-22.8523,-43.2437,Não menciona,Não menciona
270,20210320_1141,2021,03,20,20210320.0,"Video feito hoje (20/03/2021).Problema iniciado ontem. Vazamento de esgoto, cheiro muito forte, num espaço onde fica um restaurante em frente. Ou seja, impacto na saúde e na economia do local, já que os clientes se incomodam com o cheiro.",Transbordamento de esgoto,Esgoto,Ocasionalmente,"Fica na Rua Manoel Ribeiro , altura do número 15",Conjunto Esperança,-22.87479,-43.23728,Não menciona,Não menciona
271,20210325_0822,2021,03,25,20210325.0,Sem informacao,Acúmulo de lixo,Lixo,Diariamente,Essas duas fotos foram tiradas na Entrada do Parque União. Avenida Brasil. Altura da Antiga Passarela Caracol.,Parque União,-22.85313,-43.24735,Não menciona,Não menciona
272,20210325_0825,2021,03,25,20210325.0,Sem informacao,Acúmulo de lixo,Lixo,Diariamente,Na Nova Holanda. Na Rua ao lado do CIEP,Nova Maré,-22.85793,-43.23988,Não menciona,Não menciona
273,20210330_1341,2021,03,30,20210330.0,Recebi esse vídeo de um morador do Piscinão de Ramos. Relatos que esse esgoto causa o aparecimento de muitos ratos.,Esgoto a céu aberto,Esgoto,Frequentemente,"Travessa Santo Antônio, altura do número 50.",Roquete Pinto,-22.84223,-43.24848,Não menciona,Não menciona
274,20210407_1750,2021,04,07,21210407.0,Gosto de terra pura amarelada pra marron,Qualidade da água,Abastecimento de água,Ocasionalmente,21044750 Rua um n14 parque maré,Parque Maré,-22.85522,-43.2428,Não menciona,Não menciona
275,20210407_1718,2021,04,07,21210407.0,A água está com muito gosto de terra,Qualidade da água,Abastecimento de água,Ocasionalmente,"Rua Joaquim.nabuco, Parque Maré, Muro da real",Parque Maré,-22.85687,-43.24436,Não menciona,Não menciona
276,20210522_1548,2021,05,22,20210522.0,"Assim se encontra o quintal onde minha avó mora! Ja ligamos diversas vezez pra cedae, porém a mesma fala que vai vir resolver o problema e nunca vem. Peço encarecidamente que dêem uma atenção pra esse caso.",Transbordamento de esgoto,Esgoto,Frequentemente,Situada na rua castelo branco nº 47 nova holanda,Parque Maré,-22.85719,-43.24445,Sim,Cedae
277,20210528_0937,2021,05,28,20210528.0,"A situação aqui está tensa, cedar vem desentupir e no dia seguinte a situação. Sim, os trabalhadores da CEDAE já disseram que a rede de esgoto não é apropriada para a demanda. volta a ficar dessa maneira.",Bueiro entupido,Esgoto,Frequentemente,rua 29 de Julho - parque maré,Parque Maré,-22.85822,-43.24487,Sim,Cedae
278,20210607_1311,2021,06,07,20210607.0,"Gostaria de informar de um esgoto entupido aqui na baixa, rua são Jorge.",Bueiro entupido,Esgoto,Frequentemente,"rua são Jorge, próximo ao lgo do quarto centenário",Baixa do Sapateiro,Sem informacao,Sem informacao,Não menciona,Não menciona
279,20210624_2129,2021,06,24,20210624.0,vazamento de esgoto rua princesa isabel. acomtece as vezes,Bueiro entupido,Esgoto,Frequentemente,"Rua princesa isabel, perto da esquina com a rua bela",Parque Maré,-22.85732,-43.24433,Não menciona,Não menciona
280,20210624_2147,2021,06,24,20210624.0,Acúmulo de lixo na esquina da teixeira com a av. brasil. fica assim todo dia,Acúmulo de lixo,Lixo,Diariamente,esquina da teixeira com a av. brasil.,Parque Maré,-22.85622,-43.24741,Não menciona,Não menciona
281,20210707_1002,2021,07,07,20210707.0,esse esgoto sempre entope e quem resolve são os moradores,Bueiro entupido,Esgoto,Frequentemente,"rua princesa isabel, altura do beira mar",Parque Maré,-22.85759,-43.2442,Não menciona,Não menciona
282,20211019_1255,2021,10,19,20211019.0,Sem informacao,Alagamento,Drenagem,Frequentemente,rua do miolo,Parque Rubens Vaz,Sem informacao,Sem informacao,Não menciona,Não menciona
283,20211213_1009,2021,12,13,20211213.0,Sem informacao,Alagamento,Drenagem,Frequentemente,av.brasil,Nova Holanda,Sem informacao,Sem informacao,Não menciona,Não menciona
284,20211213_1009(2),2021,12,13,20211213.0,Sem informacao,Alagamento,Drenagem,Frequentemente,rua principal,Nova Holanda,Sem informacao,Sem informacao,Não menciona,Não menciona
285,20211214_1922,2021,12,14,20211214.0,Sem informacao,Alagamento,Drenagem,Frequentemente,Rua nova Jerusalém,Baixa do Sapateiro,Sem informacao,Sem informacao,Não menciona,Não menciona
286,20220201_1053,2022,02,01,20220201.0,Sem informacao,Alagamento,Drenagem,Ocasionalmente,Beco 7 de setembro,Roquete Pinto,Sem informacao,Sem informacao,Não menciona,Não menciona
287,20220316_1239,2022,03,16,20220316.0,"Venho aqui relatar uma situação que, infelizmente, vem deixando os moradores da rua Gratidão e adjacentes, bem revoltados,
 que é a falta de água. Aqui na minha rua um prédio com mais de
 3 famílias se encontra sem água mais de 2 meses, e nele se encontra uma senhora já idosa e mais de 4 crianças. Nós, eu e esses
 moradores, estamos dependentes de 2 vizinhas que estão nos ajudando. A associação da VJ já está ciente e está junto com o pessoal da Rio Águas, porém até agora nada foi resulvido (estamos mais de 1 semana aguardando eles resolverem essa situação)",Falta d'água,Abastecimento de água,Frequentemente,"Rua gratidão, Vila do joão",Vila do João,Sem informacao,Sem informacao,Não menciona,Não menciona
288,20220328_1222,2022,03,28,20220328.0,"Acúmulo de lixo e entulho na rua João Magalhães n 26, Timbau",Acúmulo de lixo,Lixo,Não informado,"rua João Magalhães n 26, Timbau",Morro do Timbau,Sem informacao,Sem informacao,Não,Não menciona
289,20220411_1904,2022,04,11,20220411.0,"Não sei vocês conseguem nos ajudar! Há mais de 1 anos nosso esgoto entope e nossa rua fica inviável pra passarmos, irmos trabalhar sem precisar molhar os pés, crianças brincarem + o odor. Sempre desentupimos do modo paleativo, mas a solução é uma dragagem. Abri um chamado na CEDAE mas fecharam o chamado e nada resolvido. Atualmente o esgoto entope pelo menos 2 vezes na semana.",Transbordamento de esgoto,Esgoto,Frequentemente,"Av. Brigadeiro trompowski 210 (vila União, antigo portão da tartaruga, região do sem terra no parque União)",Parque União,"-22.848715073492226, -43.24547626699635",-43.24547626699635,Não menciona,Não menciona
290,20220413_1059,2022,04,13,20220413.0,"Olá! Bom dia ! Sou moradora da maré e gostaria de fazer uma denúncia e um pedido de ajuda. Tem 5 caçambas de lixo aqui na porta , tiraram da esquina e colocaram aqui. Do outro lado da rua não tem nada. Os garis fazem o que querem. Já falamos com eles para espalhar as caçambas mas eles dizem que não vão fazer. Já passaram com caminhão na moto do meu marido parada na nossa porta, tomamos um prejuízo, falamos com eles , e disseram para tirar a moto da nossa calçada. Eles são abusados e alguém precisa fazer alguma coisa. Na frente de cada vila tinha duas caçambas. Eles tiraram da frente da vila e colocaram na nossa porta , tiraram as da esquina e trouxeram para a nossa porta, conclusão, 5 caçambas. Os moradores aqui são sem limites , colocam colchão, móveis e etc na lixeira, vem gente lá da vila do João colocar lixo aqui. Se houvesse duas caçambas na frente das vilas como antes e não na porta das pessoas, o lixo estaria bem distribuído e não haveria tanta sujeira. Não há uma logística coerente nisso. Um descaso com os moradores que nao tem aonde colocar o lixo e acabam fazendo toda essa sujeira",Acúmulo de lixo e entulho,Lixo,Frequentemente,projetada G no salsa e merengue,Salsa e Merengue,Sem informacao,Sem informacao,Não menciona,Não menciona
291,20220520_1324,2022,05,20,20220520.0,"Boa tarde!
 Gostaria de pedir ajuda de vocês para acionar alguma instituição competente para solucionar esse problema, bueiros entupidos! Toda vez que chove, passamos por essa situação!!",Alagamento,Drenagem,Ocasionalmente,"Rua Tancredo Neves, altura do campo sintético do Parque Rubens Vaz.",Parque Rubens Vaz,-22.852483580685114,-43.24111459596011,Não menciona,Não menciona
292,20220614_1405,2022,06,14,20220614.0,"Tem um esgoto entupido bem na minha porta. Já falei com a Águas do Rio e eles me disseram para falar com a Associação, mas eles falaram que precisa fazer uma obra, que o caso do esgoto aqui é só uma obra. Aí a Associação também só fica fechada. Aí eu peguei o contato de vocês com a Juliana.",Bueiro entupido,Esgoto,Diariamente,Rua C bloco 155 casa 9. Casinhas da baixa. Ao lado da torteria 3 irmãos.,Nova Maré,-22.859603296876546,-43.24070281113527,Não menciona,Não menciona
293,20220621_1914,2022,06,21,20220621.0,Boa noite. Esgoto entupido a mais de 1 semana,Bueiro entupido,Esgoto,Frequentemente,"Rua b, bloco 355, casinhas",Nova Maré,-22.860242058037812,-43.24009975008774,Não menciona,Não menciona
294,20220817_0942,2022,08,17,20220817.0,"Bom dia adora que vcs nos ajuda se desentupi o ralo perto da ciclovia, gente faz atividade,está com muito mal cheiro",Bueiro entupido,Esgoto,Frequentemente,Ciclovia do Pinheiro,Vila dos Pinheiros,"-22.867785753976666,",-43.24026762415593,Não,Não menciona
295,20220827_0938,2022,08,27,20220827.0,"Bom dia , vazamento de esgoto ",Transbordamento de esgoto,Esgoto,Ocasionalmente,"Beco da rua Ivanildo Alves, 55",Nova Maré,"-22.858588991558882, ",-43.244372907341,Não,Não menciona
296,20220828_1312,2022,08,28,20220828.0,Esgoto entupido ,Bueiro entupido,Esgoto,Ocasionalmente,"Rua Evanildo Alves, 51",Nova Maré,"-22.858758819874584,",-43.244437214832,Sim,Águas do Rio
297,20220912_1007,2022,09,12,20220912.0,Vazamento de esgoto ,Transbordamento de esgoto,Esgoto,Não informado,"Rua Tancredo Neves 272, em frente a vila olimpica",Baixa do Sapateiro,Sem informacao,Sem informacao,Não,Não menciona
298,20220913_1210,2022,09,13,20220913.0,Por favor se puder mandar algúem agradeço. Já liguei para águas do rio e nada!!!,Bueiro entupido,Esgoto,Ocasionalmente,"Beco da rua Ivanildo Alves, 55",Nova Maré,"-22.858588991558882, ",-43.244372907341,Sim,Águas do Rio
299,20220912_1705,2022,09,12,20220922.0,Esgoto entupido ,Bueiro entupido,Esgoto,Frequentemente,"Rua Guanabara, 12",Parque União,-22.852018045426597,-43.24665700179771,Sim,Águas do Rio
300,20220927_1451,2022,09,27,20220927.0,Sem informacao,Bueiro entupido,Esgoto,Frequentemente,Rua Guanabara ,Parque União,"-22.857965600154635,",-43.24392607433971,Não,Não menciona
301,20220923_1610,2022,09,23,20220923.0,"Acúmulo de lixo, rua Tancredo Neves prox n2, em frente a vila olímpica. Baixa",Acúmulo de lixo,Lixo,Não informado," rua Tancredo Neves prox n2, em frente a vila olímpica. Baixa",Baixa do Sapateiro,Sem informacao,Sem informacao,Não,Não menciona
302,20220923_1611,2022,09,23,20220923.0,"Entulho, rua Tancredo Neves em frente a casa 2, baixa",Acúmulo de lixo e entulho,Lixo,Não informado,"rua Tancredo Neves em frente a casa 2, baixa",Baixa do Sapateiro,Sem informacao,Sem informacao,Não,Não menciona
303,20221005_1618,2022,10,05,20221005.0,"Lixo, rua nova Jerusalém esquina com a Flávia farnese. Baixa",Acúmulo de lixo e entulho,Lixo,Ocasionalmente,rua nova Jerusalém esquina com a Flávia farnese,Baixa do Sapateiro,Sem informacao,Sem informacao,Não,Não menciona
304,20221005_1619,2022,10,05,20221005.0,"Lixo, rua nova Jerusalém esquina com a Flávia farnese. Baixa",Acúmulo de lixo e entulho,Lixo,Ocasionalmente,rua nova Jerusalém esquina com a Flávia farnese,Baixa do Sapateiro,Sem informacao,Sem informacao,Não,Não menciona
305,20220208_1404,2022,02,08,20220208.0,Vazamento de esgoto beco da rua Oliveira na baixa do sapateiro. Próximo à escola pescador Isidoro,Transbordamento de esgoto,Esgoto,Não informado,beco da rua Oliveira na baixa do sapateiro. Próximo à escola pescador Isidoro,Baixa do Sapateiro,Sem informacao,Sem informacao,Não,Não menciona
306,20220202_2208,2022,02,02,20220202.0,Vazamento e boeiro entupido na rua capitão carlos próximo ao número 34,Transbordamento de esgoto,Esgoto,Não informado,rua capitão carlos próximo ao número 34,Baixa do Sapateiro,Sem informacao,Sem informacao,Não,Não menciona
307,20221018_2137,2022,10,18,20221018.0,"Acúmulo de lixo, rua capitão casos 156, baixa. Próximo a escola CEUS",Acúmulo de lixo,Lixo,Não informado,"rua capitão casos 156, baixa. Próximo a escola CEUS",Baixa do Sapateiro,Sem informacao,Sem informacao,Não,Não menciona
308,20221024_1936,2022,10,24,20221024.0,"Vazamento de esgoto, rua Flávia Farnese 480, baixa do sapateiro",Transbordamento de esgoto,Esgoto,Não informado,"rua Flávia Farnese 480, baixa do sapateiro",Baixa do Sapateiro,-22.860292873418697,-43.24636670668485,Não,Não menciona
309,20221024_1948,2022,10,24,20221024.0,"Acúmulo de lixo, rua nova Jerusalém 345, em frente a edigráfica. Baixa do sapateiro",Acúmulo de lixo,Lixo,Não informado,"ua nova Jerusalém 345, Baixa do sapateiro",Baixa do Sapateiro,-22.861108547053504,-43.24488985783894,Não,Não menciona
310,20221024_1950,2022,10,24,20201024.0,"Vazamento de esgoto, rua Nova Jerusalém 482, baixa do sapateiro",Transbordamento de esgoto,Esgoto,Não informado,"rua Nova Jerusalém 482, baixa do sapateiro",Baixa do Sapateiro,-22.86138369620089,-43.24408796985581,Não,Não menciona
311,20221024_1951,2022,10,24,20221024.0,"Buraco na rua, em frente ao número 520, rua nova Jerusalém, baixa do sapateiro",Problemas com bueiro,Esgoto,Não informado,"rua nova Jerusalém 520, baixa do sapateiro",Baixa do Sapateiro,-22.86139642806241,-43.24367360483752,Não,Não menciona
