	codificacao_foto	ano	mes	dia	data	Conta para gente o que está acontecendo	Em que categoria se encaixaria o problema	Categoria 2	Com que frequência isso ocorre	Consegue nos informar o endereço de onde a foto/vídeo foi tirada	Em que localidade fica	Insira a latitude do seu endereço (opcional)	Insira a longitude do seu endereço (opcional)	Você já tentou solucionar o problema de alguma forma	A quem recorreu
0	20181019_0033	2018	10	19	20181019.0	Oi olha só aqui no esgoto da casa 206! Tá um fedor insuportável!Já fiz reclamações na Cedae,  É eles disseram que este esgoto precIsa de fazer obra e é que isso não é da alçada deles , e sim do dono. Toda vez esseesgoti fica vazando.	esgoto a céu aberto	Esgoto	Frequentemente	Rua Massaranduba, 206	Parque Rubens Vaz	-22852344	-432429	sim	Sem informacao
1	20181019_1115	2018	10	19	20181019.0	Problemas de alagamentos sempre que chove	alagamento	Esgoto	Ocasionalmente	Rua Santa Rita, 	Nova Holanda	-22853554	-43244659	nao menciona	nao se aplica
2	20181105_1650	2018	11	5	20181105.0	Sem informacao	esgoto a céu aberto	Esgoto	Não informado	Beco das Américas (Rua Tatajuba)	Parque Maré	-22854895	-43243645	nao menciona	nao se aplica
3	20181105_1651	2018	11	5	20181105.0	Sempre passo por lá e vejo esgoto caindo	esgoto a céu aberto	Esgoto	Frequentemente	Beco São Jorge (perto da praça)	Nova Holanda	-22854706	-43242941	nao menciona	nao se aplica
4	20181105_2312	2018	11	5	20181105.0	Sem informacao	acúmulo de lixo	Lixo	Não informado	Rua Tancredo Neves (em frente à igreja Sagrada Família)	Nova Holanda	-22854318	-43240687	nao menciona	nao se aplica
5	20181107_1700	2018	11	7	20181107.0	sempre passo e sempre vejo o lixo nesse mesmo local	acumulo	Lixo	Frequentemente	Rua Massaranduba (altura do bequinho)	Parque Rubens Vaz	-22852641	-43243844	nao menciona	nao se aplica
6	20181107_2333	2018	11	7	20181107.0	Sem informacao	acúmulo de lixo	Lixo	Não informado	Ao lado clinica jeremias // Final da Teixeira Ribeiro no campus Maré	Nova Holanda	-22854851	-43240024	nao menciona	nao se aplica
7	20181113_1637	2018	11	13	20181113.0	Acúmulo de lixo e entulho	acúmulo de lixo e entulho	Lixo	Não informado	Rua Larga	Parque União	-22850054	-43241409	nao menciona	nao se aplica
8	20181119_1936	2018	11	19	20181119.0	Sem informacao	acúmulo de lixo	Lixo	Frequentemente	Rua Tancredo Neves em frente a igreja católica	Nova Holanda	-22854318	-43240687	nao menciona	nao se aplica
9	20181119_2022	2018	11	19	20181119.0	E ae cocozap, lixarada se encontra perto do viaduto do pontilhao	acúmulo de lixo	Lixo	Não informado	Perto da antiga McLaren	Vila do Pinheiro	-22863604	-43239262	nao menciona	nao se aplica
10	20181119_2023	2018	11	19	20181119.0	Sem informacao	transbordamento de esgoto	Esgoto	Não informado	Miolo entre rua n e rua m	Nova Holanda	-22855962	-43247327	nao menciona	nao se aplica
11	20181120_2148	2018	11	20	20181120.0	Lixo e esgoto a ceu aberto	esgoto a céu aberto	Esgoto	Não informado	Rua texeira ribeiro ao lado da clinica da familia Jeremias.	Nova Holanda	-22854851	-43240024	nao menciona	nao se aplica
12	20181120_2149	2018	11	20	20181120.0	Esgoto a ceu aberto	esgoto a céu aberto	Esgoto	Não informado	Em frente as escolas no campus da Maré	Nova Holanda	-22856978	-4323847	nao menciona	nao se aplica
13	20181120_2150	2018	11	20	20181120.0	Estacionamento cheio de lixo	acúmulo de lixo	Lixo	Não informado	Ao lado da escola Rio 2016 no campus Maré	Nova Holanda	-22856978	-4323847	nao menciona	nao se aplica
14	20181120_2152	2018	11	20	20181120.0	Sem informacao	bueiro entupido	Esgoto	Frequentemente	Rua Nilton cordeiro 85	Parque União	-22850315	-43240711	nao menciona	nao se aplica
15	20181122_1520	2018	11	22	20181122.0	Bueiro entupido e fossa saindo	bueiro entupido	Esgoto	Não informado	Rua do miolo	Nova Holanda	-22853818	-43242923	nao menciona	nao se aplica
16	20181125_1331	2018	11	25	20181125.0	Sem informacao	acúmulo de lixo	Lixo	Não informado	Principal,esquina com rua João Araujo	Nova Holanda	-22852144	-43243117	nao menciona	nao se aplica
17	20181127_2123	2018	11	27	20181127.0	Sem informacao	transbordamento de esgoto	Esgoto	Não informado	No beco da rua jose caetano e miolo	Nova Holanda	-22853498	-43241188	nao menciona	nao se aplica
18	20181130_1825	2018	11	30	20181130.0	Por áudio moradora informa que transbordo já dura meses	transbordamento de esgoto	Esgoto	Diariamente	Em frente ao BRT da Maré	Parque União	-22846764	-432429	nao menciona	nao se aplica
19	20181204_1841	2018	12	4	20181204.0	Sem informacao	bueiro entupido	Esgoto	Não informado	Rua Ary Leão	Parque União	-2285112	-43246767	nao menciona	nao se aplica
20	20181205_1807	2018	12	5	20181205.0	Sem informacao	acúmulo de lixo	Lixo	Não informado	Rua Bittencourt Sampaio esquina com a rua das maravilhas	Nova Holanda	-22853584	-43244426	nao menciona	nao se aplica
21	20181205_1808	2018	12	5	20181205.0	Sem informacao	acúmulo de lixo	Lixo	Não informado	Rua Bittencourt Sampaio com aymore	Nova Holanda	-22853624	-43244944	nao menciona	nao se aplica
22	20181205_2310	2018	12	5	20181205.0	Sem informacao	acúmulo de lixo	Lixo	Não informado	Rua larga (eu acho) em frente ao batalhão	Parque União	-22850054	-43241409	nao menciona	nao se aplica
23	20181205_2311	2018	12	5	20181205.0	Sem informacao	bueiro entupido	Esgoto	Não informado	Rua Bittencourt Sampaio perto da rua das maravilhas	Nova Holanda	-22853584	-43244426	nao menciona	nao se aplica
24	20181211_1335	2018	12	11	20181211.0	Sem informacao	bueiro entupido	Esgoto	Não informado	Rua do Serviço, altura do número 16	Baixa do Sapateiro	-2286126	-43244007	nao menciona	nao se aplica
25	20190826_1637	2019	8	26	20190826.0	Foto + Endereço	acúmulo de lixo	Lixo	Não informado	Travessa Americo de Oliveira	Nova Holanda	-228556632	-432418173	nao menciona	nao se aplica
26	20190826_1639	2019	8	26	20190826.0	Foto + Endereço	acúmulo de lixo e entulho	Lixo	Não informado	Rua principal 101	Nova Holanda	-228556562	-43244359	nao menciona	nao se aplica
27	20190824_1327	2019	8	24	20190824.0	Esgoto está enchendo a quase 1 mes, causando cheiro ruim e concentração de moscas	bueiro entupido	Esgoto	Não informado	Rua Principal 111	Nova Holanda	-228556562	-43244359	sim	Sem informacao
28	20190831_1148	2019	8	31	20190831.0	Sem informacao	acúmulo de lixo	Lixo	Não informado	Rua Guilherme Frota 198	Baixa do Sapateiro	-228624958	-432490566	nao menciona	nao se aplica
29	20190903_0937	2019	9	3	20190903.0	Sem informacao	acúmulo de lixo e entulho	Lixo	Frequentemente	Rua Capivari com Guilherme Maxwell	Baixa do Sapateiro	-228652779	-432446247	nao menciona	nao se aplica
30	20190903_1003	2019	9	3	20190903.0	Sem informacao	acúmulo de lixo e entulho	Lixo	Frequentemente	Rua Capivari com Guilherme Maxwell	Baixa do Sapateiro	-228652779	-432446247	nao menciona	nao se aplica
31	20190903_1119	2019	9	3	20190903.0	Sem informacao	transbordamento de agua	Vazamento de água	Não informado	Rua Capivari com Guilherme Maxwell	Baixa do Sapateiro	-228652779	-432446247	nao menciona	nao se aplica
32	20190907_2330	2019	9	7	20190907.0	Sem informacao	acúmulo de lixo e entulho	Lixo	Frequentemente	Projetada G esquina com 203	Salsa e Merengue	-228711106	-432406391	nao menciona	nao se aplica
33	20190907_2331	2019	9	7	20190907.0	Sem informacao	acúmulo de lixo	Lixo	Frequentemente	Projetada G esquina com 203	Salsa e Merengue	-228711106	-432406391	nao menciona	nao se aplica
34	20190913_0947	2019	9	13	20190913.0	Dejetos estão saindo, enchendo a entrada da casa a mais de 2 semanas	bueiro entupido	Esgoto	Não informado	Rua Castelo Branco 47	Baixa do Sapateiro	-228620103	-432483685	sim	vizinho
35	20190918_1510	2019	9	18	20190918.0	Sem informacao	bueiro entupido	Esgoto	Não informado	Vila São Sebastião, 719, casa 7	Baixa do Sapateiro	-228620103	-432483685	sim	cedae
36	20190912_1654	2019	9	12	20190912.0	Sem informacao	acúmulo de lixo	Lixo	Não informado	Ciclovia do Pinheiro	Vila dos Pinheiros	-228691074	-432387956	nao menciona	nao se aplica
37	20190915_1533	2019	9	15	20190915.0	Sem informacao	acúmulo de lixo	Lixo	Não informado	Morro do Timbau / Rua Capivari com Guilherme Maxwell	Morro do Timbau	-228652779	-432446247	nao menciona	nao se aplica
38	20190916_1308	2019	9	16	20190916.0	Sem informacao	acúmulo de lixo e entulho	Lixo	Não informado	Salsa e Merengue	Salsa e Merengue	-228711106	-432406391	nao menciona	nao se aplica
39	20190928_1234	2019	9	28	20190928.0	Sem informacao	acúmulo de lixo	Lixo	Sem informacao	Rua Projetada 2	Baixa do Sapateiro	-228604189	-432415287	Sem informacao	Sem informacao
40	20191009_1227	2019	10	9	20191009.0	Essa foto é da rua projetada da baixa em frente a Capitão carlos pessoas deixam seus lixos e entulhos a comlub não leva e a rua fica cheia	acúmulo de lixo e entulho	Lixo	Sem informacao	Rua Projetada 2	Baixa do Sapateiro	-228604189	-432415287	Sem informacao	Sem informacao
41	20191009_1317	2019	10	9	20191009.0	E perto da escola Bahia perto da clínica da família	acúmulo de lixo	Lixo	Sem informacao	Rua Capivari	Baixa do Sapateiro	-228652779	-432446247	Sem informacao	Sem informacao
42	20191208_1423	2019	12	8	20191208.0	esgoto jorrando na Travessa perto da principal do Pinheiro	Transbordamento de esgoto	Alagamento	Frequentemente	Principal do Pinheiro	Vila dos Pinheiros	-22863446	-43237763	não menciona	não menciona
43	20191208_1424	2019	12	8	20191208.0	Lixo acumulando na rua de trás do fogo cruzado perto da passarela	Acumulo de lixo	Lixo	Não informado	Rua Praia de Inhauma	Conjunto Bento Ribeiro Dantas	-2286713	-43242611	Sem informacao	Sem informacao
45	20210519_2310	2021	5	19	20210519.0	Apesar de ter as caçambas sempre tem muito lixo espalhado	Acúmulo de lixo	Lixo	Diariamente	No final da rua projetada g com a F no salsa e merengue	Salsa e Merengue	-22870357	-43235913	Sem informacao	Sem informacao
46	20210520_2118	2021	5	20	20210520.0	Essa vala é na Rua projetada G no salsa.Ela fica sempre assim	Esgoto a céu aberto	Esgoto	Diariamente	Rua projetada G no salsa	Salsa e Merengue	-22871244	-43236338	Sem informacao	Sem informacao
47	20210520_2121	2021	5	20	20210520.0	Esgoto vazando	Esgoto a céu aberto	Esgoto	Frequentemente	C11 em frente à escola municipal Vila do Pinheiro	Vila dos Pinheiros	-22869622	-43238557	Sem informacao	Sem informacao
48	20210520_2122	2021	5	20	20210520.0	Esgoto vazando	Esgoto a céu aberto	Esgoto	Frequentemente	C11 em frente à escola municipal Vila do Pinheiro	Vila dos Pinheiros	-22869622	-43238557	Sem informacao	Sem informacao
49	210210521_0808	2021	10	21	20210521.0	Lixo sempre depositado em cima de uma entrada de Esgoto. Problema Frequente.	Acúmulo de lixo	Lixo	Diariamente	Rua Gerson Ferreira, altura da Fundação Leão XIII	Roquete Pinto	-22842273	-43249849	Sem informacao	Sem informacao
50	210210521_0809	2021	10	21	20210521.0	Problema de esgoto frequente.	Esgoto a céu aberto	Esgoto	Frequentemente	Rua Gerson Ferreira, praticamente ao lado do CMS Américo Veloso.	Roquete Pinto	-22842006	-43249517	Sem informacao	Sem informacao
51	210210521_0809 (2)	2021	10	21	20210521.0	Sem informacao	Transbordamento de esgoto	Esgoto	Frequentemente	Rua Gerson Ferreira, em Frente ao Posto de Polícia.	Roquete Pinto	-2,28421244748227E+016	-432496861535484	Sem informacao	Sem informacao
52	210210521_0811	2021	10	21	20210521.0	Lixo sempre depositado e muitas das vezes esquecidos.	Acúmulo de lixo	Lixo	Diariamente	Travessa Santo Antônio altura do número 30	Roquete Pinto	-2284223467804100	-4324848401755620	Sem informacao	Sem informacao
53	210210521_0821	2021	10	21	20210521.0	Problema de Esgoto a céu aberto, fixo há anos. 	Problemas com bueiro	Esgoto	Diariamente	Beco 7 de Setembro altura do número 27	Roquete Pinto	-22841978	-43247218	Sem informacao	Sem informacao
54	210210521_0843	2021	10	21	20210521.0	Problema de esgoto a céu aberto.	Esgoto a céu aberto	Esgoto	Frequentemente	Beco da Serragem - Altura do número 10. -	Roquete Pinto	-2,28415857335788E+016	-4324858091731460	Sem informacao	Sem informacao
55	210210521_0847	2021	10	21	20210521.0	Problema de esgoto na Travessa Roquete Pinto.	Transbordamento de esgoto	Esgoto	Frequentemente	Travessa Roquete Pinto	Roquete Pinto	-2284214112003500	-4324667964741000	Sem informacao	Sem informacao
56	20210521_1213	2021	5	21	20210521.0	Lixo e entulho	Acúmulo de lixo e entulho	Lixo	Diariamente	Rua Guilherme Maxuel próximo ao EDI, Quelita de Paula	Baixa do Sapateiro	-2,28648302546699E+016	-4324442947922030	Sem informacao	Sem informacao
57	20210521_1214	2021	5	21	20210521.0	Vazamento continuo de esgoto	Esgoto a céu aberto	Esgoto	Diariamente	rua Guilherme Maxuel próximo ao Museu da maré em frente ao EDI	Morro do Timbau	-2,28653599526974E+016	-432421284169798	Sem informacao	Sem informacao
58	20210521_1214 (2)	2021	5	21	20210521.0	Lixo acumulado mesmo havendo placa de avisando para não jogar lixo	Acúmulo de lixo	Lixo	Diariamente	Esquina do museu da Maré, Rua Guilherme Maxue	Morro do Timbau	-2,28652632972349E+016	-4324240628552410	Sem informacao	Sem informacao
59	20210521_1226	2021	5	21	20210521.0	Entulho permanente	Acúmulo de lixo e entulho	Lixo	Diariamente	 vila 58, no conjunto Bento Ribeiro Danta	Bento Ribeiro Dantas	-22867101	-43240834	Sem informacao	Sem informacao
60	20210521_1230	2021	5	21	20210521.0	Vazamento constante , ruas úmidas sempre	Esgoto a céu aberto	Esgoto	Diariamente	 rua 1, conjunto Bento  Ribeiro Dantas. Próximo ao CEJA	Bento Ribeiro Dantas	-22866687	-43242347	Sem informacao	Sem informacao
61	20210521_1306	2021	5	21	20210521.0	Árvore caída com isso pessoas estão jogando lixo no local	Acúmulo de lixo e entulho	Lixo	Frequentemente	Rua Joana nascimento , prox ao treiler ocupa	Baixa do Sapateiro	-2286287	-4324501	Sem informacao	Sem informacao
62	20210521_1447	2021	5	21	20210521.0	Fica entupido com frequência.	Bueiro entupido	Esgoto	Frequentemente	Travessa 57 em frente ao brisolão da vila do Pinheiro	Vila dos Pinheiros	-22869352	-43237752	Sem informacao	Sem informacao
63	20210527_0742	2021	5	27	20210527.0	Problema de Esgoto - Muito Frequente	Transbordamento de esgoto	Esgoto	Frequentemente	Rua Carlos Manuel altura do 54	Roquete Pinto	-22842503	-43246637	Sem informacao	Sem informacao
64	20210527_0743	2021	5	27	20210527.0	Problema de Esgoto - Pequena Frequência nesse ponto	Esgoto a céu aberto	Esgoto	Ocasionalmente	Rua Ouricuri (Altura da Mirian)	Roquete Pinto	-2284102751705720	-4324835606526190	Sem informacao	Sem informacao
65	20210527_0745	2021	5	27	20210527.0	Esgoto a céu aberto. - Problema frequente com muita proliferação de pragas	Bueiro entupido	Esgoto	Diariamente	BECO Do Iate	Roquete Pinto	-22841404	-43247446	Sem informacao	Sem informacao
66	20210527_0747	2021	5	27	20210527.0	Problema de depósito de Resíduos Sólidos Irregular - Muito Frequente	Acúmulo de lixo	Lixo	Diariamente	Av Brasil com a Rua Jubaulima.	Roquete Pinto	-2,2843718246199E+016	-4324991140309600	Sem informacao	Sem informacao
67	20210527_0748	2021	5	27	20210527.0	Problema de Descarte Irregular bem frequente	Acúmulo de lixo e entulho	Lixo	Frequentemente	Em frente a antiga loja da Tigre de Ramos	Roquete Pinto	Sem informacao	Sem informacao	Sem informacao	Sem informacao
68	20210527_0951	2021	5	27	20210527.0	É um problema presente por praticamente todas as ruas internas da rota. A água se encontra acumulada dia e noite									
69	20210527_1003	2021	5	27	20210527.0	Bueiro vazando água o que acaba levando também ao problema da queixa anterior de água parada e suja nas “canaletas” e liberando mau cheiro	Bueiro entupido	Esgoto	Diariamente	Rua Sgr. Silva Nunes (Em frente a Redes)	Nova Holanda	-2285420831959070	-4324194329820740	Sem informacao	Sem informacao
70	20210527_1016	2021	5	27	20210527.0	Problema grande que durante a noite se agrava mais ainda e expande pela esquina por completo	Bueiro entupido	Drenagem	Diariamente	Esquina Rua M (Sofia Azevedo) com Bittencourt Sampaio	Nova Holanda	-2,28531888294495E+016	-4324173508783250	Sem informacao	Sem informacao
71	20210527_2113	2021	5	27	20210527.0	Lixo bastante acumulado no local de forma frequente segundo a morador, “canaleta” contém fezes e possui mau cheiro.	Esgoto a céu aberto	Esgoto	Diariamente	Rua G (Rua Leonardo Moreno) com a Bittencourt Sampaio	Nova Holanda	-2,28534680198016E+016	-4324351216801070	Sem informacao	Sem informacao
72	20210528_0756	2021	5	28	20210528.0	Está assim a muito tempo	Acúmulo de lixo e entulho	Lixo	Diariamente	Rua projetada f próximo ao canal do Cunha	Salsa e Merengue	-22870863	-43234451	Sem informacao	Sem informacao
73	20210528_0800	2021	5	28	20210528.0	Esgoto vazando, vazamento frequente	Esgoto a céu aberto	Esgoto	Frequentemente	rua projetada f atrás da escola Medalhista olímpico Luiz Felipe Marques	Salsa e Merengue	-22870754	-43234706	Sem informacao	Sem informacao
74	20210528_0812	2021	5	28	20210528.0	Moradores reclamam q não tem caçamba e vive cheio de lixo	Acúmulo de lixo e entulho	Lixo	Diariamente	Travessa da felicidade na localidade conhecida como Marrocos,	Vila dos Pinheiros	-22869647	-43238899	Sem informacao	Sem informacao
75	20210528_1210	2021	5	28	20210528.0	Entulho acumulado	Acúmulo de lixo e entulho	Lixo	Ocasionalmente	rua Alabama próximo ao número 18	Morro do Timbau	-2,286358361586E+016	-4324220191812970	Sem informacao	Sem informacao
76	20210528_1213	2021	5	28	20210528.0	Sofá abandonado na rua Magalhães	Acúmulo de lixo e entulho	Lixo	Frequentemente	rua Alabama próximo ao número 18	Morro do Timbau	-2286356	-4324229	Sem informacao	Sem informacao
77	20210528_1233	2021	5	28	20210528.0	Acúmulo de lixo	Acúmulo de lixo	Lixo	Diariamente	praça da pedreira na rua Capivari	Morro do Timbau	-2286364	-4324043	Sem informacao	Sem informacao
78	20210528_1239	2021	5	28	20210528.0	Vazamento de esgoto em dois ponto da rua	Esgoto a céu aberto	Esgoto	Frequentemente	ria praia de Inhauma próximo a clínica da família e ao moto táxi	Morro do Timbau	-22864209	-43239769	Sem informacao	Sem informacao
79	20210528_1249	2021	5	28	20210528.0	Acúmulo de lixo na rua	Acúmulo de lixo e entulho	Lixo	Frequentemente	rua Guilherme frota próximo ao estacionamento 24h, sem número	Baixa do Sapateiro	-22862502	-43245193	Sem informacao	Sem informacao
80	20210528_1258	2021	5	28	20210528.0	Acúmulo de entulho	Acúmulo de lixo e entulho	Lixo	Ocasionalmente	rua guiemo-nos frota , próximo a "portelinha" sem número	Baixa do Sapateiro	-22862627	-43243364	Sem informacao	Sem informacao
81	20210528_1329	2021	5	28	20210528.0	Vazamento na rua	Transbordamento de água	Esgoto	Frequentemente	ria da proclamação esquina com a Flávia Farnese na fábrica próxima ao número 140 (orquestra Maré do amanhã )	Baixa do Sapateiro	-2,28606883742204E+016	-4324551365546990	Sem informacao	Sem informacao
82	20210530_1630	2021	5	30	20210530.0	Canteiro com acúmulo de lixo junto as plantas	Acúmulo de lixo	Lixo	Diariamente	Canteiro na rua praia de Inhauma próximo ao caixa 24h,	Morro do Timbau	-2286403823121640	-4323962088839710	Sem informacao	Sem informacao
83	20210531_0413	2021	5	31	20210531.0	chove, acontece. problema de escoamento de água, trecho frequentemente alaga	Alagamento	Drenagem	Ocasionalmente	rincipal, altura do Ravis	Nova Holanda	-228529	-4324285	Sem informacao	Sem informacao
84	20210531_0419	2021	5	31	20210531.0	mais alagamento. Trecho alaga com frequência maior ainda. morador inclusive pontuou que sempre que chove, tem que colocar madeira na parte de baixo da porta e dormir com as janelas fechadas devido o aumento do número de ratos	Alagamento	Drenagem	Ocasionalmente	rua do canal.	Nova Holanda	-2285292190183140	-4324301929395270	Sem informacao	Sem informacao
85	20210531_1123	2021	5	31	20210531.0	Tudo alagado e esgoto aberto	Alagamento	Drenagem	Ocasionalmente	Via b9 vila do Pinheiro	Vila dos Pinheiros	-22866899	-22866899	Sem informacao	Sem informacao
86	20210531_1124	2021	5	31	20210531.0	Sempre que chove fica assim	Alagamento	Drenagem	Ocasionalmente	Próximo ao campo da toca Com a via b1	Vila dos Pinheiros	-22868082	-43239071	Sem informacao	Sem informacao
87	20210531_1154	2021	5	31	20210531.0	Sempre que chove fica assim	Alagamento	Drenagem	Ocasionalmente	Travessa 55 vila do Pinheiro	Vila dos Pinheiros	-22868966	-43237203	Sem informacao	Sem informacao
88	20210531_1314	2021	5	31	20210531.0	-Vídeo alagamento	Alagamento	Drenagem	Ocasionalmente	Piscinão de Ramos, altura da Ouricuri com a Travessa Sto Antônio	Roquete Pinto	-2,28421437986482E+016	-432472148192588	Sem informacao	Sem informacao
89	20210604_1950	2021	6	4	20210604.0	Esgoto vazando	Transbordamento de esgoto	Esgoto	Frequentemente	beco na obrinha em frente a rua do meio, próximo ao mercadinho bom preço	Vila dos Pinheiros	-22868900	-43235548	Sem informacao	Sem informacao
90	20210607_1059	2021	6	7	20210607.0	Rua com extensa faixa de lixo e esgoto	Acúmulo de lixo e entulho	Lixo	Diariamente	Rua 7 de março na baixa, esquina com a rua do serviço , próximo a Brasil 	Baixa do Sapateiro	-2285788	-4324683	Sem informacao	Sem informacao
91	20210607_1059 (2)	2021	6	7	20210607.0	Rua com extensa faixa de lixo e esgoto	Esgoto a céu aberto	Esgoto	Diariamente	Rua 7 de março na baixa, esquina com a rua do serviço , próximo a Brasil 	Baixa do Sapateiro	-2,28581202565033E+016	-4,32467982471329E+016	Sem informacao	Sem informacao
92	20210607_1328	2021	6	7	20210607.0	Imagem de Esgoto a Céu Aberto - extrema frequência.	Esgoto a céu aberto	Drenagem	Diariamente	Beco 7 de Setembro , Roquete Pinto.	Roquete Pinto	-22841978	-43247218	Sem informacao	Sem informacao
93	20210608_1316	2021	6	8	20210608.0	Esgoto vazando, frequente	Transbordamento de esgoto	Esgoto	Frequentemente	via A1 vila do Pinheiro Próximo a travessa 56	Vila dos Pinheiros	-22869234	-43237755	Sem informacao	Sem informacao
94	20210610_1559	2021	6	10	20210610.0	Restos de galhos no  valão	Acúmulo de lixo e entulho	Lixo	Frequentemente	valão, na av canal trezentos	Conjunto Esperança	-22876226	-43240597	Sem informacao	Sem informacao
95	20210610_2110	2021	6	10	20210610.0	Morador reclama que o ponto está começando a ter frequência de descarte de lixo e acúmulo. por ser um novo ponto de descarte/acúmulo não há coleta lá	Alagamento	Lixo	Frequentemente	rua Quinze de Janeiro com Rua do Miolo	Nova Holanda	-2,28537021733231E+016	-4324210599886000	Sem informacao	Sem informacao
96	20210610_2112	2021	6	10	20210610.0	Esgoto exposto ao ar livre e não chega ao bueiro, ficando acumulado no canto da rua	Alagamento	Esgoto	Diariamente	Rua J.F. De Lima com Tancredo Neves	Parque Rubens Vaz	-2,28523286278109E+016	-4324107147567970	Sem informacao	Sem informacao
97	20210610_2117	2021	6	10	20210610.0	Problema frequente por um longo período da rua	Esgoto a céu aberto	Esgoto	Ocasionalmente	Rua Flávia Farnese com 17 de Fevereiro	Parque Maré	-2,28589005183785E+016	-4,3246056886466E+016	Sem informacao	Sem informacao
98	20210610_2121	2021	6	10	20210610.0	Sem informacao	Esgoto a céu aberto	Esgoto	Diariamente	Principal, próximo a a esquina com a Sargento Silva Nunes	Nova Holanda	-2,28541706610695E+016	-4324257805696940	Sem informacao	Sem informacao
99	20210610_2125	2021	6	10	20210610.0	problema frequente de acúmulo e exposição de esgoto	Esgoto a céu aberto	Esgoto	Diariamente	Rua Maçaranduba próximo ao It’s boteco	Parque Rubens Vaz	-228531	-432456	Sem informacao	Sem informacao
100	20210610_2130	2021	6	10	20210610.0	Choveu por 1 hora e a rua já alagou de forma que dificultou a saída para o trabalho	Alagamento	Drenagem	Ocasionalmente	Rua das Américas	Nova Holanda	-228529	-4324285	Sem informacao	Sem informacao
101	20210611_1234	2021	6	11	20210611.0	Acúmulo de lixo na faixa de pedestre	Acúmulo de lixo	Lixo	Diariamente	faixa de pedestre na Bento Ribeiro Dantas beirando a linha amarela , próximo a passarela da via rio construshow	Baixa do Sapateiro	-2,28656912452322E+016	-4323995547261710	Sem informacao	Sem informacao
102	20210611_1239	2021	6	11	20210611.0	Acúmulo de lixo e entulho	Acúmulo de lixo e entulho	Lixo	Frequentemente	 rua praia de Inhauma beco próximo ao número 44, em frente ao pontilhão do da linha amarela	Morro do Timbau	-2,28632062734294E+016	-4323906043597700	Sem informacao	Sem informacao
103	20210611_1240	2021	6	11	20210611.0	Acúmulo de lixo na rua praia de Inhauma	Acúmulo de lixo e entulho	Lixo	Diariamente	ua praia de Inhauma em frente ao pontilhão da linha amarela , ao lado de um mini jardim chamado "jardim cuide de mim"	Morro do Timbau	-2286260441794410	-432387996741408	Sem informacao	Sem informacao
104	20210611_1248	2021	6	11	20210611.0	Acúmulo de entulho na rua	Acúmulo de lixo e entulho	Lixo	Ocasionalmente	praia de Inhauma uma próximo ao número 14.	Morro do Timbau	-2286218	-4323817	Sem informacao	Sem informacao
105	20210618_1141	2021	6	18	20210618.0	Problema de Esgoto - Frequente.	Esgoto a céu aberto	Esgoto	Diariamente	. Gerson Ferreira , próximo a Passarela 12	Roquete Pinto	-2284218	-4324967	Sem informacao	Sem informacao
106	20210618_1142	2021	6	18	20210618.0	Problema de Esgoto -  Problema frequente (sempre que chove) - Junto temos a grande quantidade de bichos (ratos) e insetos (mosquitos, larvas) 	Alagamento	Drenagem	Ocasionalmente	Piscinão de Ramos (Praça do Piscinão)	Praia de Ramos	-2284018	-4324976	Sem informacao	Sem informacao
107	20210618_1143	2021	6	18	20210618.0	Foto de Esgoto - Rua Gerson Ferreira. Próximo a Passarela 12 - problema frequente - foto do dia 16/06/21	Esgoto a céu aberto	Esgoto	Diariamente	Rua Gerson Ferreira. Próximo a Passarela 12	Roquete Pinto	-2284254	-432502	Sem informacao	Sem informacao
108	20210618_1255	2021	6	18	20210618.0	Bueiro aberto	Problemas com bueiro	Esgoto	Frequentemente	rua Guilherme frota em frente ao número 516	Baixa do Sapateiro	-2286272	-4324386	Sem informacao	Sem informacao
109	20210618_1302	2021	6	18	20210618.0	Vazamento de água	Transbordamento de água	Abastecimento de água	Frequentemente	rua nova Jerusalém próximo a fábrica edi ouro n545	Baixa do Sapateiro	-2286142	-432454	Sem informacao	Sem informacao
110	20210618_1305	2021	6	18	20210618.0	Vazamento de esgoto	Transbordamento de esgoto	Esgoto	Diariamente	rua nova Jerusalém em frente ao número 270	Baixa do Sapateiro	-2286148	-4324615	Sem informacao	Sem informacao
111	20210618_1416	2021	6	18	20210618.0	Esgoto exalando mau cheiro e transbordando água pela tampa	Bueiro entupido	Esgoto	Frequentemente	Rua da paz com tiradentes	Parque União	-2285213	-4324552	Sem informacao	Sem informacao
112	20210618_1418	2021	6	18	20210618.0	Me pareceu ser uma tampa de bueiro pluvial desativado (não tenho certeza), mas de qualquer forma está eliminando esgoto para a rua	Bueiro entupido	Esgoto	Frequentemente	Parque união, Rua Brasíli	Parque União	-2285089	-4324312	Sem informacao	Sem informacao
113	20210618_1421	2021	6	18	20210618.0	Morador disse que ali sempre inundava quando saia água pelo cano) me pareceu mais um problema de infra estrutura, mas como fiquei na dúvida tirei foto	Transbordamento de água	Esgoto	Frequentemente	Parque União, Rua Brasília esquina com a rua que faz ligação com a rua larga	Parque União	-2285078	-4324279	Sem informacao	Sem informacao
114	20210622_1133	2021	6	22	20210622.0	Está com muito lixo	Acúmulo de lixo e entulho	Lixo	Diariamente	Mata , vila do Pinheiro	Vila dos Pinheiros	-2286565	-4323606	Sem informacao	Sem informacao
115	20210622_1134	2021	6	22	20210622.0	Está com muito lixo	Acúmulo de lixo e entulho	Lixo	Diariamente	Mata , vila do Pinheiro	Vila dos Pinheiros	-228662	-4323537	Sem informacao	Sem informacao
116	20210622_1135	2021	6	22	20210622.0	Está com muito lixo	Acúmulo de lixo e entulho	Lixo	Diariamente	Mata , vila do Pinheiro	Vila dos Pinheiros	-2286483	-432349	Sem informacao	Sem informacao
117	20210623_1542	2021	6	23	20210623.0	Entulho na rua	Acúmulo de lixo e entulho	Lixo	Frequentemente	rua nova Jerusalém, beco ao lado do N 573, próximo a casa 46.	Morro do Timbau	-2286178	-4324056	Sem informacao	Sem informacao
118	20210623_1543	2021	6	23	20210623.0	Entulho na rua	Acúmulo de lixo e entulho	Lixo	Diariamente	rua nova Jerusalém beco (próximo ao número 88)	Morro do Timbau	-2286169	-4323998	Sem informacao	Sem informacao
119	20210623_1545	2021	6	23	20210623.0	Relato dos moradores que em dias de chuva o beco fica alagado nesta área.	Alagamento	Esgoto	Ocasionalmente	Beco do tripeiro	Baixa do Sapateiro	-2286143	-4323951	Sem informacao	Sem informacao
120	20210623_1547	2021	6	23	20210623.0	Acúmulo Entulho	Acúmulo de lixo e entulho	Lixo	Frequentemente	em frente a vila olímpica próximo ao UERE- baixa do sapateiro	Nova Maré	-2286033	-4323919	Sem informacao	Sem informacao
121	20210624_2348	2021	6	24	20210624.0	Muito lixo	Acúmulo de lixo e entulho	Lixo	Diariamente	Final da rua projetada c. Perto da linha vermelha ( fim do mundo)	Vila dos Pinheiros	-2286757	-4323323	Sem informacao	Sem informacao
122	20210625_1242	2021	6	25	20210625.0	Rua com vários pontos de acúmulo de lixos e e lixos espalhados	Acúmulo de lixo e entulho	Lixo	Diariamente	Rua Ivanildo Alvez/divisa altura da lona. Beirando o balão.	Nova Maré	-2285827	-4324063	Sem informacao	Sem informacao
123	20210625_1246	2021	6	25	20210625.0	Vazamento de esgoto	Esgoto a céu aberto	Esgoto	Frequentemente	rua principal em frente à praça 18, baixa do sapateiro	Nova Maré	-2285907	-432413	Sem informacao	Sem informacao
124	20210625_1249	2021	6	25	20210625.0	Acúmulo de lixo em vários pontos da beira do valão . Relato de moradores sobre haver muitos ratos transitando no local devido ao lixo e ao valão.	Acúmulo de lixo	Lixo	Diariamente	eira do valão da baixa do sapateiro, localizada na rua do canal projetada	Nova Maré	-2286072	-4324044	Sem informacao	Sem informacao
125	20210625_1306	2021	6	25	20210625.0	Acúmulo de lixo na rua da proclamação pro com a fábrica ediouro, em frente ao n 86. Baixa	Acúmulo de lixo e entulho	Lixo	Diariamente	ua da proclamação pro com a fábrica ediouro, em frente ao n 86. Baixa	Baixa do Sapateiro	-2286074	-432452	Sem informacao	Sem informacao
126	20210625_1307	2021	6	25	20210625.0	Canteiro com acúmulo de lixo	Acúmulo de lixo	Lixo	Diariamente	rua da proclamação, próximo ao número 152 e a ediouro na baixa	Baixa do Sapateiro	-2286071	-4324568	Sem informacao	Sem informacao
127	20210625_1309	2021	6	25	20210625.0	Vazamento de esgoto	Esgoto a céu aberto	Esgoto	Diariamente	rua da proclamação em frente a fabrica ediouro , prox aí n156, baixa	Baixa do Sapateiro	-2286069	-4324579	Sem informacao	Sem informacao
128	20210628_1238	2021	6	28	20210628.0	Sem informacao	Esgoto a céu aberto	Esgoto	Frequentemente	Rua Deodoro Da Fonseca, próximo a esquina com a rua Ari Leão	Parque União	-2285117	-4324629	Sem informacao	Sem informacao
129	20210628_1241	2021	6	28	20210628.0	Morador diz que o problema é de grande frequência à noite	Bueiro entupido	Esgoto	Diariamente	Rua Maurício de Nassau, no início próximo a Roberto da Silveira	Parque União	-2285146	-4324487	Sem informacao	Sem informacao
130	20210628_1244	2021	6	28	20210628.0	Sem informacao	Acúmulo de lixo	Lixo	Frequentemente	Rua Rio Preto com Rua Duque de Caxias.	Parque União	-2285069	-4324434	Sem informacao	Sem informacao
131	20210628_1252	2021	6	28	20210628.0	Sem informacao	Acúmulo de lixo	Lixo	Frequentemente	Rua da Conquista, no trecho Entre a esquina com a Rua rio Preto e a Rua Ari Leoa	Parque União	-2285048	-432441	Sem informacao	Sem informacao
132	20210629_1612	2021	6	29	20210629.0	Sem informacao	Acúmulo de lixo	Lixo	Diariamente	Travessa 57 esquina com A 1 muito lixo , fica na vila do Pinheiro	Vila dos Pinheiros	-2286934	-4323775	Sem informacao	Sem informacao
133	20210702_1218	2021	7	2	20210702.0	Sem informacao	Acúmulo de lixo e entulho	Lixo	Frequentemente	rua dos Caetés , próximo ao bar do seu Zé	Morro do Timbau	-2286247	-4324146	Sem informacao	Sem informacao
134	20210702_1219	2021	7	2	20210702.0	Entulho	Acúmulo de lixo e entulho	Lixo	Frequentemente	beco dos Caetés , ao lado do bar !! Timbau	Morro do Timbau	-2286243	-4324027	Sem informacao	Sem informacao
135	20210702_1234	2021	7	2	20210702.0	Vazamento de água	Transbordamento de água	Abastecimento de água	Frequentemente	beco bela vista em frente ao número 9	Baixa do Sapateiro	-2286137	-432418	Sem informacao	Sem informacao
136	20210702_1236	2021	7	2	20210702.0	Bueiro entupido	Transbordamento de esgoto	Drenagem	Frequentemente	rua das oliveiras em frente ao número 30, baixa	Baixa do Sapateiro	-2286097	-4324188	Sem informacao	Sem informacao
137	20210702_1237	2021	7	2	20210702.0	Vazamento de esgoto	Esgoto a céu aberto	Esgoto	Frequentemente	rua das Oliveiras em frente ao 32, baixa	Baixa do Sapateiro	-2286097	-4324163	Sem informacao	Sem informacao
138	20210702_1245	2021	7	2	20210702.0	Esgoto aberto	Transbordamento de esgoto	Esgoto	Diariamente	beco da rua das oliveiras , em frente à loja esquadrilha ! Baixa	Baixa do Sapateiro	-2286084	-4324152	Sem informacao	Sem informacao
139	20210702_1246	2021	7	2	20210702.0	Morador desentupindo bueiro de esgoto	Bueiro entupido	Esgoto	Ocasionalmente	rua das oliveiras próximo ao número 83	Baixa do Sapateiro	-2286121	-4324113	Sem informacao	Sem informacao
140	20210702_1301	2021	7	2	20210702.0	Cano vazando	Transbordamento de esgoto	Esgoto	Frequentemente	beco da rua das oliveiras ,n70, entrada do beco altura do número 39, baixa	Baixa do Sapateiro	-2286132	-4324022	Sem informacao	Sem informacao
141	20210702_1811	2021	7	2	20210702.0	Problema Frequente	Esgoto a céu aberto	Esgoto	Frequentemente	Fotos da Rua Jubaulima - Rua Inteira.	Roquete Pinto	-2284311	-4324924	Sem informacao	Sem informacao
142	20210702_1835	2021	7	2	20210702.0	 Problema incomum, mas que tá se tornando comum	Acúmulo de lixo	Lixo	Frequentemente	Passarela 12	Roquete Pinto	-2284291	-4325066	Sem informacao	Sem informacao
143	20210705_1312	2021	7	5	20210705.0	Vazamento de água constante	Transbordamento de água	Abastecimento de água	Frequentemente	rua nova Jerusalém (rampa que sai na rua Oliveira )	Morro do Timbau	-2286143	-4324083	Sem informacao	Sem informacao
144	20210705_1315	2021	7	5	20210705.0	Morador desentupindo boeiro	Bueiro entupido	Esgoto	Ocasionalmente	a rua do canal projetada, em frente o número 67	Baixa do Sapateiro	-2286084	-4324058	Sem informacao	Sem informacao
145	20210706_2106	2021	7	6	20210706.0	Vazamento de água ainda persiste	Transbordamento de água	Abastecimento de água	Frequentemente	rua nova Jerusalém, próximo ao número 96 timbau	Morro do Timbau	-2286181	-4324065	Sem informacao	Sem informacao
146	20210709_0824	2021	7	9	20210709.0	Esgoto vazando	Esgoto a céu aberto	Esgoto	Frequentemente	b9 com a via b1	Vila dos Pinheiros	-2286751	-4323903	Sem informacao	Sem informacao
147	20210709_0825	2021	7	9	20210709.0	Bueiro sem a tampa	Problemas com bueiro	Esgoto	Diariamente	b9 próximo ao campo da toca	Vila dos Pinheiros	-2286799	-4323927	Sem informacao	Sem informacao
148	20210709_0836	2021	7	9	20210709.0	Esgoto vazando	Esgoto a céu aberto	Esgoto	Frequentemente	seletiva número 58	Vila dos Pinheiros	-2286389	-4323478	Sem informacao	Sem informacao
149	20210713_2026	2021	7	13	20210713.0	Valão com muito lixo	Acúmulo de lixo e entulho	Lixo	Diariamente	av canal próximo a rua 12 da vila do João	Vila do João	-2287059	-432403	Sem informacao	Sem informacao
150	20210715_1109	2021	7	15	20210715.0	Entulho na rua	Acúmulo de lixo e entulho	Lixo	Frequentemente	rua do canal projetada em frente ao valão, Baixa	Baixa do Sapateiro	-22860520	-43240958	Sem informacao	Sem informacao
151	20210715_1110	2021	7	15	20210715.0	Lixo continuo	Acúmulo de lixo	Lixo	Diariamente	 rua do canal projetada , esquina com a rua principal. Baixa	Baixa do Sapateiro	-22860432	-43241077	Sem informacao	Sem informacao
152	20210715_1226	2021	7	15	20210715.0	Diversos pontos de esgotamento	Esgoto a céu aberto	Esgoto	Frequentemente	Esquina com rua das oliveiras. Baixa	Baixa do Sapateiro	-22861257	-43242434	Sem informacao	Sem informacao
153	20210715_1335	2021	7	15	20210715.0	Vazamento de esgoto em vários pontos	Esgoto a céu aberto	Esgoto	Frequentemente	rua A n12	Baixa do Sapateiro	-22860522	-43243023	Sem informacao	Sem informacao
154	20210715_1336	2021	7	15	20210715.0	Vazamento de esgoto em vários pontos	Esgoto a céu aberto	Esgoto	Frequentemente	entrada pela rua são Roque n30	Baixa do Sapateiro	-22859248	-43243125	Sem informacao	Sem informacao
155	20210715_1724	2021	7	15	20210715.0	lixo tá se espalhando pelo esgoto e pela rua	Esgoto a céu aberto	Esgoto	Frequentemente	Rua Roberto da Silveira com Rua Canaa, Parque União	Parque União	-22851589	-43245236	Sem informacao	Sem informacao
156	20210715_1730	2021	7	15	20210715.0	Morador amigo informou que tá vazando muito esgoto e de forma frequente	Bueiro entupido	Esgoto	Frequentemente	Rua Heitz Oliveira com José Rezende	Parque União	-22848001	-43244438	Sem informacao	Sem informacao
157	20210715_1746	2021	7	15	20210715.0	Sem informacao	Bueiro entupido	Esgoto	Frequentemente	Rua Geraldo Marcelino da Silva	Parque União	-22.849486	Sem informacao	Sem informacao	Sem informacao
158	20210716_1446	2021	7	16	20210716.0	Sem informacao	Transbordamento de esgoto	Esgoto	Ocasionalmente	Rua Maria de Lourdes Martins	Parque União	-228493	-432436	Sem informacao	Sem informacao
159	20210716_1448	2021	7	16	20210716.0	Sem informacao	Bueiro entupido	Esgoto	Ocasionalmente	Rua Maria de Lourdes Martins	Parque União	-2284927	-4324374	Sem informacao	Sem informacao
160	20210716_1450	2021	7	16	20210716.0	Sem informacao	Bueiro entupido	Esgoto	Frequentemente	Rua José Amorim Machado	Parque União	-22849607	-43245609	Sem informacao	Sem informacao
161	20210716_1452	2021	7	16	20210716.0	O lixo descartado ali acaba se espalhando junto ao esgoto	Esgoto a céu aberto	Esgoto	Frequentemente	Rua São Pedro	Parque União	-2284947	-4324568	Sem informacao	Sem informacao
162	20210716_1453	2021	7	16	20210716.0	Sem informacao	Acúmulo de lixo	Lixo	Frequentemente	Rua São Sebastião	Nova Holanda	-22856245	-4323968	Sem informacao	Sem informacao
163	20210716_1454	2021	7	16	20210716.0	Sem informacao	Acúmulo de lixo e entulho	Lixo	Frequentemente	Rua Teixeira Ribeiro	Parque Maré	-22857824	-43239413	Sem informacao	Sem informacao
164	20210716_1458	2021	7	16	20210716.0	Sem informacao	Acúmulo de lixo e entulho	Lixo	Frequentemente	Rua Tancredo Neves com rua Esperança	Parque Maré	-22856775	-43240073	Sem informacao	Sem informacao
165	20210716_1853	2021	7	16	20210716.0	Terreno sempre com muito lixo	Acúmulo de lixo e entulho	Lixo	Frequentemente	Rua projetada C	Salsa e Merengue	-22873176	-43236653	Sem informacao	Sem informacao
166	20210716_1854	2021	7	16	20210716.0	Sem informacao	Acúmulo de lixo e entulho	Lixo	Frequentemente	Rua projetada C	Salsa e Merengue	-2,28731797069501E+016	-4323666506994050	Sem informacao	Sem informacao
167	20210716_1857	2021	7	16	20210716.0	local sempre com muito lixo encostado ao muro da escola Marielle Franco	Acúmulo de lixo e entulho	Lixo	Frequentemente	Rua Projetada D	Salsa e Merengue	-22872850	-43236253	Sem informacao	Sem informacao
168	20210716_1900	2021	7	16	20210716.0	Vala sempre com muito lixo e caçambas sempre muito cheias	Acúmulo de lixo	Lixo	Frequentemente	Rua Projetada G	Salsa e Merengue	-22872198	-43236662	Sem informacao	Sem informacao
169	20210716_1910	2021	7	16	20210716.0	restos d madeira e entulho , moradores  disseram q já está ali a muito tempo , próximo a Mc salsa  no salsa vila do Pinheiro	Acúmulo de lixo e entulho	Lixo	Frequentemente	Rua Projetada G	Salsa e Merengue	-22871180	-43236278	Sem informacao	Sem informacao
170	20210716_1913	2021	7	16	20210716.0	Rua Pernambuco na Obrinha , rua com esgoto , já está assim ah algum tempo	Esgoto a céu aberto	Esgoto	Frequentemente	Rua Pernambucano	Vila dos Pinheiros	-22868639	-43235243	Sem informacao	Sem informacao
171	20210716_1916	2021	7	16	20210716.0	muro da loja de material de construção do mineiro , mesmo com a placa sempre jogam lixo .	Acúmulo de lixo	Lixo	Frequentemente	Via B1	Vila dos Pinheiros	-2286733	-4323454	Sem informacao	Sem informacao
172	20210716_1918	2021	7	16	20210716.0	moradores jogam o lixo no meio da rua	Acúmulo de lixo	Lixo	Ocasionalmente	Travessa 27	Vila dos Pinheiros	-2286716	-4323468	Sem informacao	Sem informacao
173	20210720_0957	2021	7	20	20210720.0	valão está sempre com repleto de lixo	Acúmulo de lixo e entulho	Lixo	Frequentemente	Av Canal	Vila dos Pinheiros	-2286893	-4324133	Sem informacao	Sem informacao
174	20210720_0959	2021	7	20	20210720.0	valão está sempre com repleto de lixo	Acúmulo de lixo e entulho	Lixo	Frequentemente	Av Canal	Vila dos Pinheiros	-2286893	-4324133	Sem informacao	Sem informacao
175	20210721_1646	2021	7	21	20210721.0	Esgotamento persistente além do lixo.	Esgoto a céu aberto	Esgoto	Frequentemente	Rua Tancredo Neves , divisa	Nova Holanda	-22857944	-43239852	Sem informacao	Sem informacao
176	20210722_1218	2021	7	22	20210722.0	Vazamento de esgoto	Esgoto a céu aberto	Esgoto	Ocasionalmente	Nova Mare ( sem número e nomes nas vielas), entrada pela Rua Tancredo Neves.	Nova Maré	-2286074	-4323963	Sem informacao	Sem informacao
177	20210722_1219	2021	7	22	20210722.0	Lixo e vazamento de esgoto	Problemas com bueiro	Esgoto	Frequentemente	Nova Mare ( sem número e nomes nas vielas), entrada pela Rua Ivanildo Alvez	Nova Maré	-2285845	-4324066	Sem informacao	Sem informacao
178	20210722_1220	2021	7	22	20210722.0	Lixos e boeiro quebrado.	Esgoto a céu aberto	Esgoto	Frequentemente	Lixos e boeiro quebrado. Nova Mare ( sem número e nomes nas vielas), entrada pela Rua Tancredo Neves.	Nova Maré	-228605	-4323935	Sem informacao	Sem informacao
179	20210722_1222	2021	7	22	20210722.0	Entulho espalhado,	Acúmulo de lixo e entulho	Lixo	Frequentemente	Entulho espalhado, Nova Mare ( sem número e nomes nas vielas), entrada pela Rua do canal projetada	Nova Maré	-2286052	-4323959	Sem informacao	Sem informacao
180	20210722_1223	2021	7	22	20210722.0	Vazamento de esgoto	Esgoto a céu aberto	Esgoto	Frequentemente	Vazamento de esgoto , Nova Mare ( sem número e nomes nas vielas), entrada pela Rua do canal projetada	Nova Maré	-22860800	-4323968	Sem informacao	Sem informacao
181	20210722_1224	2021	7	22	20210722.0	Bueiro quebrado	Problemas com bueiro	Esgoto	Diariamente	Boeiro quebrado, Nova Mare ( sem número e nomes nas vielas), entrada pela Rua Tancredo Neves	Nova Maré	-228602	-4324003	Sem informacao	Sem informacao
182	20210722_1226	2021	7	22	20210722.0	Lixo espalhado	Acúmulo de lixo	Lixo	Frequentemente	Lixo espalhado , Nova Mare ( sem número e nomes nas vielas), entrada pela Rua Tancredo Neves	Nova Maré	-2285964	-4324054	Sem informacao	Sem informacao
183	20210722_1227	2021	7	22	20210722.0	Vazamento de esgoto	Transbordamento de esgoto	Esgoto	Frequentemente	Vazamento de esgoto, Nova Mare (s numero e nomes nas vielas), entrada pela Rua tancredo neves	Nova Maré	-2285965	-4324014	Sem informacao	Sem informacao
184	20210730_1415	2021	7	30	20210730.0	Sem informacao	Esgoto a céu aberto	Esgoto	Frequentemente	Parque Maré/ Rua Nova (próximo a joaquim nabuco) Parque Maré	Parque Maré	-2285637	-4324375	Sem informacao	Sem informacao
185	20210730_1417	2021	7	30	20210730.0	Sem informacao	Esgoto a céu aberto	Esgoto	Frequentemente	Parque Maré: Rua João Pessoa (ao final encontro com a Santo Antônio)	Parque Maré	-2285627	-4324444	Sem informacao	Sem informacao
186	20210730_1419	2021	7	30	20210730.0	Sem informacao	Acúmulo de lixo e entulho	Lixo	Frequentemente	Parque Maré: Rua princesa isabel	Parque Maré	-2285725	-4324436	Sem informacao	Sem informacao
187	20210730_1421	2021	7	30	20210730.0	Sem informacao	Esgoto a céu aberto	Esgoto	Frequentemente	Parque Maré: rua guanabara com princesa isabel	Parque Maré	-2285819	-4324388	Sem informacao	Sem informacao
188	20210730_1422	2021	7	30	20210730.0	Sem informacao	Acúmulo de lixo	Lixo	Frequentemente	Parque Maré: rua vinte nove de julho	Parque Maré	-2285837	-4324319	Sem informacao	Sem informacao
189	20210730_1424	2021	7	30	20210730.0	Sem informacao	Bueiro entupido	Esgoto	Frequentemente	Rua Massaranduba	Parque Rubens Vaz	-2285297	-4324497	Sem informacao	Sem informacao
190	20210730_1621	2021	7	30	20210730.0	Sem informacao	Acúmulo de lixo	Lixo	Diariamente	Rua Tancredo neves/ VO	Nova Holanda	-2285879	-4323964	Sem informacao	Sem informacao
191	20210730_1622	2021	7	30	20210730.0	Sem informacao	Transbordamento de esgoto	Esgoto	Frequentemente	Rua Tancredo neves com a rua Esperança	Nova Holanda	-2285685	-4324014	Sem informacao	Sem informacao
192	20210730_1623	2021	7	30	20210730.0	Sem informacao	Esgoto a céu aberto	Esgoto	Frequentemente	Tancredo neves com Evanildo Alves	Nova Holanda	-2285796	-4323988	Sem informacao	Sem informacao
193	20210730_1624	2021	7	30	20210730.0	Sem informacao	Transbordamento de água	Abastecimento de água	Ocasionalmente	Rua Mané garrinha com a rua tancredo neves	Nova Holanda	-2285605	-4324038	Sem informacao	Sem informacao
194	20210723_1048	2021	7	23	20210723.0	Rua com vazamento de água	Transbordamento de água	Esgoto	Ocasionalmente	Travessa 28	Vila dos Pinheiros	-2286714	-4323506	Sem informacao	Sem informacao
195	20210726_1631	2021	7	26	20210726.0	Travessa com lixo	Acúmulo de lixo	Lixo	Frequentemente	Travessa 46	Vila dos Pinheiros	-2286763	-432375	Sem informacao	Sem informacao
196	20210726_1633	2021	7	26	20210726.0	Esgoto na rua toda	Transbordamento de esgoto	Esgoto	Ocasionalmente	Lote 14 prox a rua A1	Salsa e Merengue	-2287002	-4323755	Sem informacao	Sem informacao
197	20210726_1635	2021	7	26	20210726.0	Vazamento de água	Transbordamento de água	Esgoto	Frequentemente	Travessa 56	Salsa e Merengue	-2286955	-4323674	Sem informacao	Sem informacao
198	20210726_1636	2021	7	26	20210726.0	Buraco com vazamento de água	Transbordamento de água	Esgoto	Frequentemente	Rua 2 prox a Travessa 13	Vila do João	-2287154	-4324002	Sem informacao	Sem informacao
199	20210727_1747	2021	7	27	20210727.0	Travessa com esgoto	Esgoto a céu aberto	Esgoto	Frequentemente	Travessa 31	Vila dos Pinheiros	-228673	-4323575	Sem informacao	Sem informacao
200	20210729_1336	2021	7	29	20210729.0	Sem informacao	Esgoto a céu aberto	Esgoto	Frequentemente	Rua João Araújo	Parque Rubens Vaz	-2285318	-4324672	Sem informacao	Sem informacao
201	20210730_1230	2021	7	30	20210730.0	Sem informacao	Acúmulo de lixo	Lixo	Não informado	Rua Flavia Farnese (485) Baixa do Sapateiro	Baixa do Sapateiro	-2286031	-4324606	Sem informacao	Sem informacao
202	20210730_1236	2021	7	30	20210730.0	Sem informacao	Problemas com bueiro	Esgoto	Diariamente	Rua paraibuna/ Baixa do Sapateiro	Baixa do Sapateiro	-2285915	-432453	Sem informacao	Sem informacao
203	20210730_1237	2021	7	30	20210730.0	Sem informacao	Problemas com bueiro	Esgoto	Diariamente	Rua ivanildo alvez, em frente ao beco santa Izabel. Baixa do Sapateiro	Baixa do Sapateiro	-2285898	-4324441	Sem informacao	Sem informacao
204	20210730_1254	2021	7	30	20210730.0	Sem informacao	Acúmulo de lixo e entulho	Lixo	Não informado	Entulho e lixo no beco Santa luzia n 9b, entrada pela rua Ivanildo Alvez	Baixa do Sapateiro	-2285908	-4324439	Sem informacao	Sem informacao
205	20210806_1237	2021	8	6	20210806.0	Esgoto aberto	Esgoto a céu aberto	Esgoto	Frequentemente	Travessa alegria n9	Morro do Timbau	-2286487	-4324312	Sem informacao	Sem informacao
206	20210806_1238	2021	8	6	20210806.0	Acúmulo de lixo e entulho	Acúmulo de lixo e entulho	Lixo	Frequentemente	travessa trindade	Morro do Timbau	-2286455	-4324296	Sem informacao	Sem informacao
207	20210810_1906	2021	8	10	20210810.0	Lixo na rua	Acúmulo de lixo	Lixo	Frequentemente	Rua nossa senhora da Penha, próximo a padaria da Solange 	Marcílio Dias	-2282108	-4327253	Sem informacao	Sem informacao
208	20210810_1908	2021	8	10	20210810.0	Bueiro entupido	Bueiro entupido	Esgoto	Frequentemente	Travessa coração de Jesus, próximo ao número 13	Marcílio Dias	-2281982	-4327267	Sem informacao	Sem informacao
209	20210810_1910	2021	8	10	20210810.0	Vazamento de água na rua toda	Transbordamento de água	Drenagem	Não informado	travessa Floriano Peixoto	Marcílio Dias	-2281862	-4327319	Sem informacao	Sem informacao
210	20210806_1844	2021	8	6	20210806.0	Travessa com água vazando	Transbordamento de água	Drenagem	Frequentemente	Travessa 18	Vila dos Pinheiros	-2286485	-4323416	Sem informacao	Sem informacao
211	20210806_1845	2021	8	6	20210806.0	Vazamento de água travessa	Transbordamento de água	Drenagem	Frequentemente	Travessa 18	Vila dos Pinheiros	-2286485	-4323416	Sem informacao	Sem informacao
212	20210806_18451	2021	8	6	20210806.0	Vazamento de esgoto na rua	Esgoto a céu aberto	Esgoto	Não informado	Av Seletiva prox 46	Vila dos Pinheiros	-2286353	-4323572	Sem informacao	Sem informacao
213	20210806_1847	2021	8	6	20210806.0	Esgoto vazando	Transbordamento de esgoto	Esgoto	Frequentemente	Av Seletiva prox 46	Vila dos Pinheiros	-2286345	-4323591	Sem informacao	Sem informacao
214	20210806_1850	2021	8	6	20210806.0	Esgoto vazando	Transbordamento de esgoto	Esgoto	Frequentemente	Av Seletiva prox 48	Vila dos Pinheiros	-2286353	-4323572	Sem informacao	Sem informacao
215	20210806_1851	2021	8	6	20210806.0	Lixo na rua e esgoto	Esgoto a céu aberto	Esgoto	Frequentemente	Av Seletiva prox 58	Vila dos Pinheiros	-2286347	-4323549	Sem informacao	Sem informacao
216	20210806_1852	2021	8	6	20210806.0	Caçamba cheia	Acúmulo de lixo	Lixo	Não informado	Av Seletiva prox a C8	Vila dos Pinheiros	-2286373	-432351	Sem informacao	Sem informacao
217	20210806_18522	2021	8	6	20210806.0	Caçamba cheia	Acúmulo de lixo	Lixo	Não informado	Av Seletiva prox a C8	Vila dos Pinheiros	-2286369	-4323519	Sem informacao	Sem informacao
218	20210806_1853	2021	8	6	20210806.0	Esgoto vazando	Bueiro entupido	Drenagem	Frequentemente	Rua C7	Vila dos Pinheiros	-2286332	-4323648	Sem informacao	Sem informacao
219	20210806_1854	2021	8	6	20210806.0	Acúmulo de lixo	Acúmulo de lixo	Lixo	Não informado	Av Canal prox a Av Bento Ribeiro Dantas	Vila dos Pinheiros	-2286388	-4323879	Sem informacao	Sem informacao
220	20210809_1637	2021	8	9	20210809.0	Queixa recorrente	Esgoto a céu aberto	Esgoto	Frequentemente	beco do tripeiro tia praia de Inhauma n11	Baixa do Sapateiro	-2286171	-4323893	Sem informacao	Sem informacao
221	20210810_1205	2021	8	10	20210810.0	Queixa recorrente , acúmulo de lixo	Acúmulo de lixo	Lixo	Frequentemente	venida Guilherme Maxuel, em frente ao EDI Quelita de Paula	Morro do Timbau	-2286517	-4324283	Sem informacao	Sem informacao
222	20210813_1402	2021	8	13	20210813.0	Lixo espalhado	Acúmulo de lixo	Lixo	Frequentemente	Av canal 74	Vila do João	-2286982	-432412	Sem informacao	Sem informacao
223	20210813_1708	2021	8	13	20210813.0	Esgoto vazando	Esgoto a céu aberto	Esgoto	Frequentemente	Rua 14 número 6	Vila do João	-2287185	-4323977	Sem informacao	Sem informacao
224	20210813_1710	2021	8	13	20210813.0	Rua alagada	Alagamento	Drenagem	Ocasionalmente	Rua germano Firmino dos Santos próximo a av canal	Conjunto Esperança	-2287507	-4323779	Sem informacao	Sem informacao
225	20210813_1711	2021	8	13	20210813.0	Bueiro com entulho	Bueiro entupido	Esgoto	Ocasionalmente	Rua 12 na vila do João próximo ao número 295	Vila do João	-228707	4324038	Sem informacao	Sem informacao
226	20210813_1715	2021	8	13	20210813.0	Canaleta com Esgoto	Esgoto a céu aberto	Esgoto	Frequentemente	Travessa Principal, Canaleta com Esgoto	Nova Holanda	-2285874	-4324221	Sem informacao	Sem informacao
227	20210813_1717	2021	8	13	20210813.0	Sem informacao	Esgoto a céu aberto	Esgoto	Frequentemente	Evanildo Alves	Baixa do Sapateiro	-2285866	-4324346	Sem informacao	Sem informacao
228	20210813_1719	2021	8	13	20210813.0	Sem informacao	Esgoto a céu aberto	Esgoto	Frequentemente	Evanildo Alves	Baixa do Sapateiro	-2285901	-4324458	Sem informacao	Sem informacao
229	20210813_1721	2021	8	13	20210813.0	Sem informacao	Transbordamento de esgoto	Esgoto	Frequentemente	Evanildo Alves	Baixa do Sapateiro	-2285902	-4324452	Sem informacao	Sem informacao
230	20210816_2316	2021	8	16	20210816.0	Beco alagado	Alagamento	Drenagem	Frequentemente	Beco Jardim América	Marcílio Dias	-2282067	-4327386	Sem informacao	Sem informacao
231	20210816_23161	2021	8	16	20210816.0	Beco alagado	Alagamento	Drenagem	Frequentemente	Beco Jardim América	Marcílio Dias	-228208	-4327401	Sem informacao	Sem informacao
232	20210816_23162	2021	8	16	20210816.0	Travessa alagada	Alagamento	Drenagem	Frequentemente	Beco Jardim América	Marcílio Dias	-2282069	-4327413	Sem informacao	Sem informacao
233	20210816_2323	2021	8	16	20210816.0	Rua com acúmulo frequente de lixo	Acúmulo de lixo	Lixo	Frequentemente	Rua do Alpiste com a Rua Ns Sra da Penha	Marcílio Dias	-2281828	-4327387	Sem informacao	Sem informacao
234	20200816_1309	2020	8	16	20210816.0	Entulho	Acúmulo de lixo e entulho	Lixo	Ocasionalmente	Entulho no baco Monteiro , em frente a casa 2 entrada pela travessa Jerusalém timbau	Morro do Timbau	-2286193	-4324205	Sem informacao	Sem informacao
235	20210820_1714	2021	8	20	20210820.0	Sem informacao	Bueiro entupido	Esgoto	Frequentemente	Travessa 52 prox a B8	Vila dos Pinheiros	-228681	-4323548	Sem informacao	Sem informacao
236	20210820_1716	2021	8	20	20210820.0	Sem informacao	Transbordamento de esgoto	Esgoto	Frequentemente	Travessa 57 com a 56	Vila dos Pinheiros	-2286925	-4323674	Sem informacao	Sem informacao
237	20210820_1720	2021	8	20	20210820.0	Sem informacao	Transbordamento de esgoto	Esgoto	Frequentemente	Via C11 esquina com a Via B9	Conjunto Pinheiros	-2286964	-4323951	Sem informacao	Sem informacao
238	20210820_1722	2021	8	20	20210820.0	Sem informacao	Esgoto a céu aberto	Esgoto	Frequentemente	Via C11 prox a Via B9	Conjunto Pinheiros	-2286957	-4323955	Sem informacao	Sem informacao
239	20210820_1813	2021	8	20	20210820.0	Sem informacao	Acúmulo de lixo e entulho	Lixo	Frequentemente	Via C11 - Marrocos	Conjunto Pinheiros	-2286985	-4324028	Sem informacao	Sem informacao
240	20210903_1500	2021	9	3	20210903.0	Sem informacao	Transbordamento de água	Drenagem	Frequentemente	Travessa 28	Vila dos Pinheiros	-2286726	-4323504	Sem informacao	Sem informacao
241	20210903_1501	2021	9	3	20210903.0	Sem informacao	Esgoto a céu aberto	Esgoto	Frequentemente	Rua Projetada C	Salsa e Merengue	-2287275	-4323766	Sem informacao	Sem informacao
242	20210903_1502	2021	9	3	20210903.0	Sem informacao	Transbordamento de esgoto	Esgoto	Frequentemente	Rua Projetada C	Salsa e Merengue	-2287204	-4323825	Sem informacao	Sem informacao
243	20210903_1503	2021	9	3	20210903.0	Sem informacao	Transbordamento de esgoto	Esgoto	Frequentemente	Rua Projetada C	Salsa e Merengue	-228721	-4323812	Sem informacao	Sem informacao
244	20210903_1504	2021	9	3	20210903.0	Sem informacao	Acúmulo de lixo	Lixo	Frequentemente	Rua 13 prox a Av Canal 2	Vila do João	-2287118	-4323984	Sem informacao	Sem informacao
245	20210903_1506	2021	9	3	20210903.0	Sem informacao	Esgoto a céu aberto	Esgoto	Frequentemente	Sem informacao	Vila do João	-2287262	-4324102	Sem informacao	Sem informacao
246	20210903_1510	2021	9	3	20210903.0	Sem informacao	Transbordamento de esgoto	Esgoto	Frequentemente	Rua 3 esquina com a rua 13	Vila do João	-2287213	-4324139	Sem informacao	Sem informacao
247	20210903_1512	2021	9	3	20210903.0	Sem informacao	Esgoto a céu aberto	Esgoto	Frequentemente	Rua Saúde esquina com Rua Conquista	Vila do João	-228715	-4324234	Sem informacao	Sem informacao
248	20200529_1228	2020	5	29	20200529.0	Esse esgoto estar assim a bastante tempo a cedae já veio uma vez arrumou com menos de uma semana voltou a ficar assim novamente	Esgoto a céu aberto	Esgoto	Frequentemente	Travessa Brasil	Vila dos Pinheiros	-22863867	-4323727	Não menciona	Não menciona
249	20200120_0727	2020	1	20	20200120.0	Bom dia moro na roquete Pinto e de frente a minha casa ta esse nojo essa tampa já quebrou varias vezes e vive entupido e essa água da caixa da vizinha vive caindo água quase todos os dias ... queria saber se vocês podem fazer algo por nós aqui, obrigado ! Espero que isso resolva porque tem vezes que o cheiro do esgoto tá forte de mais e não consigo ficar na minha própria sala	Bueiro entupido	Esgoto	Frequentemente	Rua Cruzeiro do sul	Roquete Pinto	-2284419	-4324815	Não menciona	Não menciona
250	20200303_0944	2020	3	3	20200303.0	Segue algumas fotos de uns dos problemas q estamos enfrentando	Esgoto a céu aberto	Esgoto	Frequentemente	Ciclovia Pinheiro	Vila dos Pinheiros	-2286323	-4323786	Não menciona	Não menciona
251	20200305_0821	2020	3	5	20200305.0	Sem informacao	Esgoto a céu aberto	Esgoto	Frequentemente	Via A1. É uma ruazinha subindo para campo da toca.proximo ao sacolão da nena	Vila dos Pinheiros	-228681	-4323766	Não menciona	Não menciona
252	20200529_1228(2)	2020	5	29	20200529.0	Esse esgoto estar assim a bastante tempo a cedae já veio uma vez arrumou com menos de uma semana voltou a ficar assim novamente	Bueiro entupido	Esgoto	Diariamente	Essa e a travessa Brasil na vila do Pinheiro	Vila dos Pinheiros	Sem informacao	Sem informacao	Sim	Cedae
253	20201208_2107	2020	12	8	20201208.0	Boa Tarde Meus Amigos esgoto a céu aberto na Rua Principal perto do Detran da Baixa	Esgoto a céu aberto	Esgoto	Frequentemente	Rua Principal perto do Detran da Baixa	Baixa do Sapateiro	-2285891	-4324137	Não menciona	Não menciona
254	20201209_0812	2020	12	9	20201209.0	Bom Dia Cocozap esgoto a céu aberto na Obrinha Número 5 Vila Do Pinheiro	Bueiro entupido	Esgoto	Frequentemente	Obrinha Número 5 Vila Do Pinheiro	Vila dos Pinheiros	Sem informacao	Sem informacao	Não menciona	Não menciona
255	20201216_1139	2020	12	16	20201216.0	Sem informacao	Esgoto a céu aberto	Esgoto	Frequentemente	Trv.operario fortes,roquete pinto... No beco do lado da associação dos moradores	Roquete Pinto	Sem informacao	Sem informacao	Não menciona	Não menciona
256	20210124_0056	2021	1	24	20210124.0	Choveu e ficou muito alagado	Alagamento	Esgoto	Ocasionalmente	Rua da saúde vila do João/ calçado do Upa	Vila do João	-2287018	-4324343	Não menciona	Não menciona
257	20210126_2041	2021	1	26	20210126.0	Foi na terça feira não é um problema direito não	Esgoto a céu aberto	Esgoto	Ocasionalmente	Rua Capivari perto do Museu da Maré Timbau	Morro do Timbau	-2286507	-4324242	Não menciona	Não menciona
258	20210312_1055	2021	3	12	20210312.0	Pelo que conversei com quem me falou do problema, é quase sempre que chove. As vezez, mesmo sem chuva fica assim.	Esgoto a céu aberto	Esgoto	Ocasionalmente	Fica na Rua Manoel Ribeiro Vasconcelos, Conjunto Esperança.Altura do número 13. (Próximo ao segundo campo)	Conjunto Esperança	-2287474	-4323717	Não menciona	Não menciona
259	20210312_1628	2021	3	12	20210312.0	Recebi o vídeo e a foto de outro morador da Maré. Mas da Favela Roquete Pinto. E é extremamente frequente no Piscinão de Ramos.	Esgoto a céu aberto	Esgoto	Frequentemente	Fica no Beco 7 de Setembro. Altura do número 10	Roquete Pinto	Sem informacao	Sem informacao	Não menciona	Não menciona
260	20210313_1606	2021	3	13	20210313.0	Recebi essas fotos de um morador do Piscinão de Ramos. Por coincidência, já tinha passado pelo local. Lixo a céu aberto, com uma grande quantidade de ratos.	Acúmulo de lixo e entulho	Lixo	Diariamente	Na avenida Brasil, altura da passarela 12. Ponto de acesso para o Piscinão.	Roquete Pinto	-2284296	-4325059	Não menciona	Não menciona
261	20210316_1546	2021	3	16	20210316.0	sempre que chove muito alaga. mas n tanto assim. essa foi a primeira vez q vi dessa forma	Alagamento	Esgoto	Ocasionalmente	rua joão araújo na altura da av brasil, num 32	Parque Rubens Vaz	-2285291	-4324559	Não menciona	Não menciona
262	20210316_1647	2021	3	16	20210316.0	Sem informacao	Alagamento	Esgoto	Ocasionalmente	Favela Roquete Pinto - Piscinão de Ramos. Aqui é no Beco 7 de Setembro, altura do número 15 - Roquete Pinto (Piscinão de Ramos)	Roquete Pinto	Sem informacao	Sem informacao	Não menciona	Não menciona
263	20210316_1648	2021	3	16	20210316.0	Sem informacao	Alagamento	Esgoto	Ocasionalmente	Rua Teixeira Ribeiro	Parque Maré	-2285594	-4324529	Não menciona	Não menciona
264	20210316_1656	2021	3	16	20210316.0	Sem informacao	Alagamento	Esgoto	Ocasionalmente	Via B9 - Altura do número 20.	Vila dos Pinheiros	-2287007	-4323928	Não menciona	Não menciona
265	20210316_1749	2021	3	16	20210316.0	mas chuva normal não enche tanto	Alagamento	Esgoto	Ocasionalmente	rua Ari leão no parque união, ao lado da picanha do juscelino	Parque União	-228507	-4324479	Não menciona	Não menciona
266	20210316_1753	2021	3	16	20210316.0	Alaga em chuvas fortes	Alagamento	Esgoto	Ocasionalmente	Rua João Araújo, parque Rubens Vaz, Ao lado do bar do Miguel, próximo a quadra	Parque Rubens Vaz	-2285243	-4324412	Não menciona	Não menciona
267	20210316_1812	2021	3	16	20210316.0	Sem informacao	Alagamento	Esgoto	Ocasionalmente	Fica no C11 - Pinheiro	Vila dos Pinheiros	-2286962	-4323807	Não menciona	Não menciona
268	20210316_1848	2021	3	16	20210316.0	Sem informacao	Alagamento	Esgoto	Ocasionalmente	B3 - Pinheiro ( Perto do Brizolao)	Vila dos Pinheiros	-2286861	-4323738	Não menciona	Não menciona
269	20210316_1941	2021	3	16	20210316.0	Sem informacao	Alagamento	Esgoto	Ocasionalmente	Esse é na rua João Araújo na Rubens Vaz, Próximo ao campo	Parque Rubens Vaz	-228523	-432437	Não menciona	Não menciona
270	20210320_1141	2021	3	20	20210320.0	Video feito hoje (20/03/2021).Problema iniciado ontem. Vazamento de esgoto, cheiro muito forte, num espaço onde fica um restaurante em frente. Ou seja, impacto na saúde e na economia do local, já que os clientes se incomodam com o cheiro.	Transbordamento de esgoto	Esgoto	Ocasionalmente	Fica na Rua Manoel Ribeiro , altura do número 15	Conjunto Esperança	-2287479	-4323728	Não menciona	Não menciona
271	20210325_0822	2021	3	25	20210325.0	Sem informacao	Acúmulo de lixo	Lixo	Diariamente	Essas duas fotos foram tiradas na Entrada do Parque União. Avenida Brasil. Altura da Antiga Passarela Caracol.	Parque União	-2285313	-4324735	Não menciona	Não menciona
272	20210325_0825	2021	3	25	20210325.0	Sem informacao	Acúmulo de lixo	Lixo	Diariamente	Na Nova Holanda. Na Rua ao lado do CIEP	Nova Maré	-2285793	-4323988	Não menciona	Não menciona
273	20210330_1341	2021	3	30	20210330.0	Recebi esse vídeo de um morador do Piscinão de Ramos. Relatos que esse esgoto causa o aparecimento de muitos ratos.	Esgoto a céu aberto	Esgoto	Frequentemente	Travessa Santo Antônio, altura do número 50.	Roquete Pinto	-2284223	-4324848	Não menciona	Não menciona
274	20210407_1750	2021	4	7	21210407.0	Gosto de terra pura amarelada pra marron	Qualidade da água	Abastecimento de água	Ocasionalmente	21044750 Rua um n14 parque maré	Parque Maré	-2285522	-432428	Não menciona	Não menciona
275	20210407_1718	2021	4	7	21210407.0	A água está com muito gosto de terra	Qualidade da água	Abastecimento de água	Ocasionalmente	Rua Joaquim.nabuco, Parque Maré, Muro da real	Parque Maré	-2285687	-4324436	Não menciona	Não menciona
276	20210522_1548	2021	5	22	20210522.0	Assim se encontra o quintal onde minha avó mora! Ja ligamos diversas vezez pra cedae, porém a mesma fala que vai vir resolver o problema e nunca vem. Peço encarecidamente que dêem uma atenção pra esse caso.	Transbordamento de esgoto	Esgoto	Frequentemente	Situada na rua castelo branco nº 47 nova holanda	Parque Maré	-2285719	-4324445	Sim	Cedae
277	20210528_0937	2021	5	28	20210528.0	A situação aqui está tensa, cedar vem desentupir e no dia seguinte a situação. Sim, os trabalhadores da CEDAE já disseram que a rede de esgoto não é apropriada para a demanda. volta a ficar dessa maneira.	Bueiro entupido	Esgoto	Frequentemente	rua 29 de Julho - parque maré	Parque Maré	-2285822	-4324487	Sim	Cedae
278	20210607_1311	2021	6	7	20210607.0	Gostaria de informar de um esgoto entupido aqui na baixa, rua são Jorge.	Bueiro entupido	Esgoto	Frequentemente	rua são Jorge, próximo ao lgo do quarto centenário	Baixa do Sapateiro	Sem informacao	Sem informacao	Não menciona	Não menciona
279	20210624_2129	2021	6	24	20210624.0	vazamento de esgoto rua princesa isabel. acomtece as vezes	Bueiro entupido	Esgoto	Frequentemente	Rua princesa isabel, perto da esquina com a rua bela	Parque Maré	-2285732	-4324433	Não menciona	Não menciona
280	20210624_2147	2021	6	24	20210624.0	Acúmulo de lixo na esquina da teixeira com a av. brasil. fica assim todo dia	Acúmulo de lixo	Lixo	Diariamente	esquina da teixeira com a av. brasil.	Parque Maré	-2285622	-4324741	Não menciona	Não menciona
281	20210707_1002	2021	7	7	20210707.0	esse esgoto sempre entope e quem resolve são os moradores	Bueiro entupido	Esgoto	Frequentemente	rua princesa isabel, altura do beira mar	Parque Maré	-2285759	-432442	Não menciona	Não menciona
282	20211019_1255	2021	10	19	20211019.0	Sem informacao	Alagamento	Drenagem	Frequentemente	rua do miolo	Parque Rubens Vaz	Sem informacao	Sem informacao	Não menciona	Não menciona
283	20211213_1009	2021	12	13	20211213.0	Sem informacao	Alagamento	Drenagem	Frequentemente	av.brasil	Nova Holanda	Sem informacao	Sem informacao	Não menciona	Não menciona
284	20211213_1009(2)	2021	12	13	20211213.0	Sem informacao	Alagamento	Drenagem	Frequentemente	rua principal	Nova Holanda	Sem informacao	Sem informacao	Não menciona	Não menciona
285	20211214_1922	2021	12	14	20211214.0	Sem informacao	Alagamento	Drenagem	Frequentemente	Rua nova Jerusalém	Baixa do Sapateiro	Sem informacao	Sem informacao	Não menciona	Não menciona
286	20220201_1053	2022	2	1	20220201.0	Sem informacao	Alagamento	Drenagem	Ocasionalmente	Beco 7 de setembro	Roquete Pinto	Sem informacao	Sem informacao	Não menciona	Não menciona
287	20220316_1239	2022	3	16	20220316.0	'Venho aqui relatar uma situação que, infelizmente, vem deixando os moradores da rua Gratidão e adjacentes, bem revoltados,
 que é a falta de água. Aqui na minha rua um prédio com mais de
 3 famílias se encontra sem água mais de 2 meses, e nele se encontra uma senhora já idosa e mais de 4 crianças. Nós, eu e esses
 moradores, estamos dependentes de 2 vizinhas que estão nos ajudando. A associação da VJ já está ciente e está junto com o pessoal da Rio Águas, porém até agora nada foi resulvido (estamos mais de 1 semana aguardando eles resolverem essa situação)'	'Falta d''água'	Abastecimento de água	Frequentemente	Rua gratidão, Vila do joão	Vila do João	Sem informacao	Sem informacao	Não menciona	Não menciona
288	20220328_1222	2022	3	28	20220328.0	Acúmulo de lixo e entulho na rua João Magalhães n 26, Timbau	Acúmulo de lixo	Lixo	Não informado	rua João Magalhães n 26, Timbau	Morro do Timbau	Sem informacao	Sem informacao	Não	Não menciona
289	20220411_1904	2022	4	11	20220411.0	Não sei vocês conseguem nos ajudar! Há mais de 1 anos nosso esgoto entope e nossa rua fica inviável pra passarmos, irmos trabalhar sem precisar molhar os pés, crianças brincarem + o odor. Sempre desentupimos do modo paleativo, mas a solução é uma dragagem. Abri um chamado na CEDAE mas fecharam o chamado e nada resolvido. Atualmente o esgoto entope pelo menos 2 vezes na semana.	Transbordamento de esgoto	Esgoto	Frequentemente	Av. Brigadeiro trompowski 210 (vila União, antigo portão da tartaruga, região do sem terra no parque União)	Parque União	-22.848715073492226, -43.24547626699635	-4324547626699630	Não menciona	Não menciona
290	20220413_1059	2022	4	13	20220413.0	Olá! Bom dia ! Sou moradora da maré e gostaria de fazer uma denúncia e um pedido de ajuda. Tem 5 caçambas de lixo aqui na porta , tiraram da esquina e colocaram aqui. Do outro lado da rua não tem nada. Os garis fazem o que querem. Já falamos com eles para espalhar as caçambas mas eles dizem que não vão fazer. Já passaram com caminhão na moto do meu marido parada na nossa porta, tomamos um prejuízo, falamos com eles , e disseram para tirar a moto da nossa calçada. Eles são abusados e alguém precisa fazer alguma coisa. Na frente de cada vila tinha duas caçambas. Eles tiraram da frente da vila e colocaram na nossa porta , tiraram as da esquina e trouxeram para a nossa porta, conclusão, 5 caçambas. Os moradores aqui são sem limites , colocam colchão, móveis e etc na lixeira, vem gente lá da vila do João colocar lixo aqui. Se houvesse duas caçambas na frente das vilas como antes e não na porta das pessoas, o lixo estaria bem distribuído e não haveria tanta sujeira. Não há uma logística coerente nisso. Um descaso com os moradores que nao tem aonde colocar o lixo e acabam fazendo toda essa sujeira	Acúmulo de lixo e entulho	Lixo	Frequentemente	projetada G no salsa e merengue	Salsa e Merengue	Sem informacao	Sem informacao	Não menciona	Não menciona
291	20220520_1324	2022	5	20	20220520.0	'Boa tarde!
 Gostaria de pedir ajuda de vocês para acionar alguma instituição competente para solucionar esse problema, bueiros entupidos! Toda vez que chove, passamos por essa situação!!'	Alagamento	Drenagem	Ocasionalmente	Rua Tancredo Neves, altura do campo sintético do Parque Rubens Vaz.	Parque Rubens Vaz	-2,28524835806851E+016	-4324111459596010	Não menciona	Não menciona
292	20220614_1405	2022	6	14	20220614.0	Tem um esgoto entupido bem na minha porta. Já falei com a Águas do Rio e eles me disseram para falar com a Associação, mas eles falaram que precisa fazer uma obra, que o caso do esgoto aqui é só uma obra. Aí a Associação também só fica fechada. Aí eu peguei o contato de vocês com a Juliana.	Bueiro entupido	Esgoto	Diariamente	Rua C bloco 155 casa 9. Casinhas da baixa. Ao lado da torteria 3 irmãos.	Nova Maré	-2,28596032968765E+016	-4324070281113520	Não menciona	Não menciona
293	20220621_1914	2022	6	21	20220621.0	Boa noite. Esgoto entupido a mais de 1 semana	Bueiro entupido	Esgoto	Frequentemente	Rua b, bloco 355, casinhas	Nova Maré	-2,28602420580378E+016	-4324009975008770	Não menciona	Não menciona
294	20220817_0942	2022	8	17	20220817.0	Bom dia adora que vcs nos ajuda se desentupi o ralo perto da ciclovia, gente faz atividade,está com muito mal cheiro	Bueiro entupido	Esgoto	Frequentemente	Ciclovia do Pinheiro	Vila dos Pinheiros	-2,28677857539766E+016	-4324026762415590	Não	Não menciona
295	20220827_0938	2022	8	27	20220827.0	Bom dia , vazamento de esgoto 	Transbordamento de esgoto	Esgoto	Ocasionalmente	Beco da rua Ivanildo Alves, 55	Nova Maré	-2,28585889915588E+016	-43244372907341	Não	Não menciona
296	20220828_1312	2022	8	28	20220828.0	Esgoto entupido	Bueiro entupido	Esgoto	Ocasionalmente	Rua Evanildo Alves, 51	Nova Maré	-2,28587588198745E+016	-43244437214832	Sim	Águas do Rio
297	20220912_1007	2022	9	12	20220912.0	Vazamento de esgoto	Transbordamento de esgoto	Esgoto	Não informado	Rua Tancredo Neves 272, em frente a vila olimpica	Baixa do Sapateiro	Sem informacao	Sem informacao	Não	Não menciona
298	20220913_1210	2022	9	13	20220913.0	Por favor se puder mandar algúem agradeço. Já liguei para águas do rio e nada!!!	Bueiro entupido	Esgoto	Ocasionalmente	Beco da rua Ivanildo Alves, 55	Nova Maré	-2,28585889915588E+016	-43244372907341	Sim	Águas do Rio
299	20220912_1705	2022	9	12	20220922.0	Esgoto entupido	Bueiro entupido	Esgoto	Frequentemente	Rua Guanabara, 12	Parque União	-2,28520180454265E+016	-4324665700179770	Sim	Águas do Rio
300	20220927_1451	2022	9	27	20220927.0	Sem informacao	Bueiro entupido	Esgoto	Frequentemente	Rua Guanabara	Parque União	-2,28579656001546E+016	-4324392607433970	Não	Não menciona
301	20220923_1610	2022	9	23	20220923.0	Acúmulo de lixo, rua Tancredo Neves prox n2, em frente a vila olímpica. Baixa	Acúmulo de lixo	Lixo	Não informado	 rua Tancredo Neves prox n2, em frente a vila olímpica. Baixa	Baixa do Sapateiro	Sem informacao	Sem informacao	Não	Não menciona
302	20220923_1611	2022	9	23	20220923.0	Entulho, rua Tancredo Neves em frente a casa 2, baixa	Acúmulo de lixo e entulho	Lixo	Não informado	rua Tancredo Neves em frente a casa 2, baixa	Baixa do Sapateiro	Sem informacao	Sem informacao	Não	Não menciona
303	20221005_1618	2022	10	5	20221005.0	Lixo, rua nova Jerusalém esquina com a Flávia farnese. Baixa	Acúmulo de lixo e entulho	Lixo	Ocasionalmente	rua nova Jerusalém esquina com a Flávia farnese	Baixa do Sapateiro	Sem informacao	Sem informacao	Não	Não menciona
304	20221005_1619	2022	10	5	20221005.0	Lixo, rua nova Jerusalém esquina com a Flávia farnese. Baixa	Acúmulo de lixo e entulho	Lixo	Ocasionalmente	rua nova Jerusalém esquina com a Flávia farnese	Baixa do Sapateiro	Sem informacao	Sem informacao	Não	Não menciona
305	20220208_1404	2022	2	8	20220208.0	Vazamento de esgoto beco da rua Oliveira na baixa do sapateiro. Próximo à escola pescador Isidoro	Transbordamento de esgoto	Esgoto	Não informado	beco da rua Oliveira na baixa do sapateiro. Próximo à escola pescador Isidoro	Baixa do Sapateiro	Sem informacao	Sem informacao	Não	Não menciona
306	20220202_2208	2022	2	2	20220202.0	Vazamento e boeiro entupido na rua capitão carlos próximo ao número 34	Transbordamento de esgoto	Esgoto	Não informado	rua capitão carlos próximo ao número 34	Baixa do Sapateiro	Sem informacao	Sem informacao	Não	Não menciona
307	20221018_2137	2022	10	18	20221018.0	Acúmulo de lixo, rua capitão casos 156, baixa. Próximo a escola CEUS	Acúmulo de lixo	Lixo	Não informado	rua capitão casos 156, baixa. Próximo a escola CEUS	Baixa do Sapateiro	Sem informacao	Sem informacao	Não	Não menciona
308	20221024_1936	2022	10	24	20221024.0	Vazamento de esgoto, rua Flávia Farnese 480, baixa do sapateiro	Transbordamento de esgoto	Esgoto	Não informado	rua Flávia Farnese 480, baixa do sapateiro	Baixa do Sapateiro	-2,28602928734186E+016	-4324636670668480	Não	Não menciona
309	20221024_1948	2022	10	24	20221024.0	Acúmulo de lixo, rua nova Jerusalém 345, em frente a edigráfica. Baixa do sapateiro	Acúmulo de lixo	Lixo	Não informado	ua nova Jerusalém 345, Baixa do sapateiro	Baixa do Sapateiro	-2,28611085470535E+016	-4324488985783890	Não	Não menciona
310	20221024_1950	2022	10	24	20201024.0	Vazamento de esgoto, rua Nova Jerusalém 482, baixa do sapateiro	Transbordamento de esgoto	Esgoto	Não informado	rua Nova Jerusalém 482, baixa do sapateiro	Baixa do Sapateiro	-2286138369620080	-4324408796985580	Não	Não menciona
311	20221024_1951	2022	10	24	20221024.0	Buraco na rua, em frente ao número 520, rua nova Jerusalém, baixa do sapateiro	Problemas com bueiro	Esgoto	Não informado	rua nova Jerusalém 520, baixa do sapateiro	Baixa do Sapateiro	-2286139642806240	-4324367360483750	Não	Não menciona
312	20221025_2147	2022	10	25	20221025.0	Acúmulo de lixo, rua capitão Carlos 22, baixa do sapateiro	Acúmulo de lixo	Lixo	Não informado	Rua Capitão Carlos, 22	Baixa do Sapateiro	-22864554	-43244315	Não	Não menciona
313	20221110_2015	2022	11	10	20221110.0	Vazamento de esgoto , rua Tancredo Neves , próximo à divisa . Nova Holanda	Transbordamento de esgoto	Esgoto	Não informado	rua Tancredo Neves , próximo à divisa . Nova Holanda	Nova Holanda	Sem informacao	Sem informacao	Não	Não menciona
314	20221129_0907	2022	11	29	20221129.0	Vazamento de esgoto, Rua nova 70. Nova Holanda	Transbordamento de esgoto	Esgoto	Não informado	Rua nova 70. Nova Holanda	Nova Holanda	-22856448	-4324318636908150	Não	Não menciona
315	20221129_0908	2022	11	29	20221129.1	Vazamento de esgoto, rua Tancredo Neves. 11. Nova Holanda	Transbordamento de esgoto	Esgoto	Não informado	rua Tancredo Neves. 11. Nova Holanda	Nova Holanda	-22856432	-43240199	Não	Não menciona
316	20221207_2126	2022	12	7	20221207.0	Vazamento de esgoto , queixa recorrente . Beco do tropeiro n13, final da rua Oliveira baixa	Transbordamento de esgoto	Esgoto	Recorrente	Beco do tropeiro n13, final da rua Oliveira baixa	Baixa do Sapateiro	-22861387	-43240199	Não	Não menciona
317	20230114_1446	2023	1	14	20230114.0	Vazamento de esgoto , queixa recorrente . Beco do tropeiro n13, final da rua Oliveira baixa	Transbordamento de esgoto	Esgoto	Recorrente	Sempre dps que chove fica umas poças de água na Rua Teixeira Ribeiro na altura da clínica da familia	Nova Holanda	-22854649	-43239640	Não	Não menciona
318	20230114_1446.1	2023	1	14	20230114_1446.1	Vazamento de esgoto , queixa recorrente . Beco do tropeiro n13, final da rua Oliveira baixa	Transbordamento de esgoto	Esgoto	Recorrente	Sempre dps que chove fica umas poças de água na Rua Teixeira Ribeiro na altura da clínica da familia	Nova Holanda	-22854701	-43239647	Não	Não menciona
319	20230114_1446.2	2023	1	14	20230114_1446.2	Vazamento de esgoto , queixa recorrente . Beco do tropeiro n13, final da rua Oliveira baixa	Transbordamento de esgoto	Esgoto	Recorrente	Sempre dps que chove fica umas poças de água na Rua Teixeira Ribeiro na altura da clínica da familia	Nova Holanda	-22854702	-43239654	Não	Não menciona
320	20230207_2017	2023	2	7	20230207.0	Boeiro entupido e vazamento	Transbordamento de esgoto	Esgoto	Não informado	Av. Brasil, 6288 em frente ao Vianense da Passarela 9	Nova Holanda	-22855908	-43247252	Não	Não menciona
321	20230207_2211	2023	2	7	20230207.0	Vazamento de esgoto após fortes chuvas	Transbordamento de esgoto	Esgoto	Não informado	Rua 7 de Março, 105	Parque Maré	-22859332	-43247007	Não	Não menciona
322	20220203_0757	2023	2	8	20220203.0	nessa esquina Igreja Universal&Museu da Maré sempre alaga... o que prejudica o Museu tb. P.e. nessa chuva alagou tanto que a brincadoteca que fica mais alto do que a rua foi alagada. Parece que tem um problema com um cano embaixo do Museu que vem do Morro do Timbau. Se vocês querem, posso perguntar uma pessoa que entende melhor essa canalização para fazer a descriçaõ da situação. R. Praia de Inhaúma, 243 - Maré, Rio de Janeiro - RJ, 21042-130	Boeiro entupido e transbordamento de esgoto	Esgoto	Recorrente	R. Praia de Inhaúma, 243 - Maré		-22865125	-43241386	Não	Não menciona
323	20220203_0758	2023	2	8	20220203.1	nessa esquina Igreja Universal&Museu da Maré sempre alaga... o que prejudica o Museu tb. P.e. nessa chuva alagou tanto que a brincadoteca que fica mais alto do que a rua foi alagada. Parece que tem um problema com um cano embaixo do Museu que vem do Morro do Timbau. Se vocês querem, posso perguntar uma pessoa que entende melhor essa canalização para fazer a descriçaõ da situação. Próimo a R. Praia de Inhaúma, 243 - Maré, Rio de Janeiro - RJ, 21042-130	Boeiro entupido e transbordamento de esgoto	Esgoto	Recorrente	Próximo a R. Praia de Inhaúma, 243		-22865378	-43241547	Não	Não menciona
324	20230420_2009	2023	4	20	20230420.0	Vazamento de água limpa. Próximo a Rua nova Jerusalém 483, timbau	Alagamento	Drenagem	Não informado	Próximo a Rua nova Jerusalém 483, timbau	Morro do Timbau	-22861419	-43243649	Não	Não menciona
325	20230508_0837	2023	5	8	20230508.0	Acúmulo de lixo na rua nova Jerusalém 429, timbau	Acúmulo de lixo	Lixo	Não informado	rua nova Jerusalém 429, timbau	Morro do Timbau	-22861106	-43244611	Não	Não menciona
322	20220203_0757	2023	2	8	20220203.0	nessa esquina Igreja Universal&Museu da Maré sempre alaga... o que prejudica o Museu tb. P.e. nessa chuva alagou tanto que a brincadoteca que fica mais alto do que a rua foi alagada. Parece que tem um problema com um cano embaixo do Museu que vem do Morro do Timbau. Se vocês querem, posso perguntar uma pessoa que entende melhor essa canalização para fazer a descriçaõ da situação. R. Praia de Inhaúma, 243 - Maré, Rio de Janeiro - RJ, 21042-130	Boeiro entupido e transbordamento de esgoto	Esgoto	Recorrente	R. Praia de Inhaúma, 243 - Maré		-22865125	-43241386	Não	Não menciona
323	20220203_0758	2023	2	8	20220203.1	nessa esquina Igreja Universal&Museu da Maré sempre alaga... o que prejudica o Museu tb. P.e. nessa chuva alagou tanto que a brincadoteca que fica mais alto do que a rua foi alagada. Parece que tem um problema com um cano embaixo do Museu que vem do Morro do Timbau. Se vocês querem, posso perguntar uma pessoa que entende melhor essa canalização para fazer a descriçaõ da situação. Próimo a R. Praia de Inhaúma, 243 - Maré, Rio de Janeiro - RJ, 21042-130	Boeiro entupido e transbordamento de esgoto	Esgoto	Recorrente	Próximo a R. Praia de Inhaúma, 243		-22865378	-43241547	Não	Não menciona
324	20230420_2009	2023	4	20	20230420.0	Vazamento de água limpa. Próximo a Rua nova Jerusalém 483, timbau	Alagamento	Drenagem	Não informado	Próximo a Rua nova Jerusalém 483, timbau	Morro do Timbau	-22861419	-43243649	Não	Não menciona
325	20230508_0837	2023	5	8	20230508.0	Acúmulo de lixo na rua nova Jerusalém 429, timbau	Acúmulo de lixo	Lixo	Não informado	rua nova Jerusalém 429, timbau	Morro do Timbau	-22861106	-43244611	Não	Não menciona
